state_code,state_name_en,state_name_ml,district_code,district_name_en,district_name_ml,district_order,block_code,block_name_en,block_name_ml,block_lsg_code,sec_local_body_code,panchayat_name_en,panchayat_name_ml,panchayat_lsg_code,official_email,office_phone,active
KL,Kerala,കേരളം,TVM,Thiruvananthapuram,തിരുവനന്തപുരം,1,B01011,Varkala,,B010100,G01071,Chemmaruthy,,G010101,,,true
KL,Kerala,കേരളം,TVM,Thiruvananthapuram,തിരുവനന്തപുരം,1,B01011,Varkala,,B010100,G01069,Edava,,G010102,,,true
KL,Kerala,കേരളം,TVM,Thiruvananthapuram,തിരുവനന്തപുരം,1,B01011,Varkala,,B010100,G01070,Elakamon,,G010103,,,true
KL,Kerala,കേരളം,TVM,Thiruvananthapuram,തിരുവനന്തപുരം,1,B01011,Varkala,,B010100,G01072,Manamboor,,G010104,,,true
KL,Kerala,കേരളം,TVM,Thiruvananthapuram,തിരുവനന്തപുരം,1,B01011,Varkala,,B010100,G01073,Ottoor,,G010105,,,true
KL,Kerala,കേരളം,TVM,Thiruvananthapuram,തിരുവനന്തപുരം,1,B01011,Varkala,,B010100,G01068,Cherunniyoor,,G010106,,,true
KL,Kerala,കേരളം,TVM,Thiruvananthapuram,തിരുവനന്തപുരം,1,B01011,Varkala,,B010100,G01067,Vettoor,,G010107,,,true
KL,Kerala,കേരളം,TVM,Thiruvananthapuram,തിരുവനന്തപുരം,1,B01009,Kilimanoor,,B010200,G01057,Kilimanoor,,G010201,,,true
KL,Kerala,കേരളം,TVM,Thiruvananthapuram,തിരുവനന്തപുരം,1,B01009,Kilimanoor,,B010200,G01056,Pazhayakunnummel,,G010202,,,true
KL,Kerala,കേരളം,TVM,Thiruvananthapuram,തിരുവനന്തപുരം,1,B01009,Kilimanoor,,B010200,G01054,Karavaram,,G010203,,,true
KL,Kerala,കേരളം,TVM,Thiruvananthapuram,തിരുവനന്തപുരം,1,B01009,Kilimanoor,,B010200,G01059,Madavoor,,G010204,,,true
KL,Kerala,കേരളം,TVM,Thiruvananthapuram,തിരുവനന്തപുരം,1,B01009,Kilimanoor,,B010200,G01060,Pallikkal,,G010205,,,true
KL,Kerala,കേരളം,TVM,Thiruvananthapuram,തിരുവനന്തപുരം,1,B01009,Kilimanoor,,B010200,G01055,Nagaroor,,G010206,,,true
KL,Kerala,കേരളം,TVM,Thiruvananthapuram,തിരുവനന്തപുരം,1,B01009,Kilimanoor,,B010200,G01058,Navayikulam,,G010207,,,true
KL,Kerala,കേരളം,TVM,Thiruvananthapuram,തിരുവനന്തപുരം,1,B01009,Kilimanoor,,B010200,G01053,Pulimath,,G010208,,,true
KL,Kerala,കേരളം,TVM,Thiruvananthapuram,തിരുവനന്തപുരം,1,B01010,Chirayinkeezhu,,B010300,G01061,Anchuthengu,,G010301,,,true
KL,Kerala,കേരളം,TVM,Thiruvananthapuram,തിരുവനന്തപുരം,1,B01010,Chirayinkeezhu,,B010300,G01062,Vakkom,,G010302,,,true
KL,Kerala,കേരളം,TVM,Thiruvananthapuram,തിരുവനന്തപുരം,1,B01010,Chirayinkeezhu,,B010300,G01063,Chirayinkeezhu,,G010303,,,true
KL,Kerala,കേരളം,TVM,Thiruvananthapuram,തിരുവനന്തപുരം,1,B01010,Chirayinkeezhu,,B010300,G01064,Kizhuvilam,,G010304,,,true
KL,Kerala,കേരളം,TVM,Thiruvananthapuram,തിരുവനന്തപുരം,1,B01010,Chirayinkeezhu,,B010300,G01065,Mudakkal,,G010305,,,true
KL,Kerala,കേരളം,TVM,Thiruvananthapuram,തിരുവനന്തപുരം,1,B01010,Chirayinkeezhu,,B010300,G01066,Kadakkavoor,,G010306,,,true
KL,Kerala,കേരളം,TVM,Thiruvananthapuram,തിരുവനന്തപുരം,1,B01008,Vamanapuram,,B010400,G01051,Kallara,,G010401,,,true
KL,Kerala,കേരളം,TVM,Thiruvananthapuram,തിരുവനന്തപുരം,1,B01008,Vamanapuram,,B010400,G01047,Nellanad,,G010402,,,true
KL,Kerala,കേരളം,TVM,Thiruvananthapuram,തിരുവനന്തപുരം,1,B01008,Vamanapuram,,B010400,G01048,Pullampara,,G010403,,,true
KL,Kerala,കേരളം,TVM,Thiruvananthapuram,തിരുവനന്തപുരം,1,B01008,Vamanapuram,,B010400,G01045,Vamanapuram,,G010404,,,true
KL,Kerala,കേരളം,TVM,Thiruvananthapuram,തിരുവനന്തപുരം,1,B01008,Vamanapuram,,B010400,G01052,Pangode,,G010405,,,true
KL,Kerala,കേരളം,TVM,Thiruvananthapuram,തിരുവനന്തപുരം,1,B01008,Vamanapuram,,B010400,G01049,Nanniyode,,G010406,,,true
KL,Kerala,കേരളം,TVM,Thiruvananthapuram,തിരുവനന്തപുരം,1,B01008,Vamanapuram,,B010400,G01050,Peringammala,,G010407,,,true
KL,Kerala,കേരളം,TVM,Thiruvananthapuram,തിരുവനന്തപുരം,1,B01008,Vamanapuram,,B010400,G01046,Manickal,,G010408,,,true
KL,Kerala,കേരളം,TVM,Thiruvananthapuram,തിരുവനന്തപുരം,1,B01006,Vellanad,,B010500,G01035,Aryanad,,G010501,,,true
KL,Kerala,കേരളം,TVM,Thiruvananthapuram,തിരുവനന്തപുരം,1,B01006,Vellanad,,B010500,G01034,Poovachal,,G010502,,,true
KL,Kerala,കേരളം,TVM,Thiruvananthapuram,തിരുവനന്തപുരം,1,B01006,Vellanad,,B010500,G01033,Vellanad,,G010503,,,true
KL,Kerala,കേരളം,TVM,Thiruvananthapuram,തിരുവനന്തപുരം,1,B01006,Vellanad,,B010500,G01036,Vithura,,G010504,,,true
KL,Kerala,കേരളം,TVM,Thiruvananthapuram,തിരുവനന്തപുരം,1,B01006,Vellanad,,B010500,G01038,Uzhamalakkal,,G010505,,,true
KL,Kerala,കേരളം,TVM,Thiruvananthapuram,തിരുവനന്തപുരം,1,B01006,Vellanad,,B010500,G01037,Kuttichal,,G010506,,,true
KL,Kerala,കേരളം,TVM,Thiruvananthapuram,തിരുവനന്തപുരം,1,B01006,Vellanad,,B010500,G01039,Tholicode,,G010507,,,true
KL,Kerala,കേരളം,TVM,Thiruvananthapuram,തിരുവനന്തപുരം,1,B01006,Vellanad,,B010500,G01032,Kattakada,,G010508,,,true
KL,Kerala,കേരളം,TVM,Thiruvananthapuram,തിരുവനന്തപുരം,1,B01007,Nedumangad,,B010600,G01043,Anadu,,G010601,,,true
KL,Kerala,കേരളം,TVM,Thiruvananthapuram,തിരുവനന്തപുരം,1,B01007,Nedumangad,,B010600,G01041,Aruvikkara,,G010602,,,true
KL,Kerala,കേരളം,TVM,Thiruvananthapuram,തിരുവനന്തപുരം,1,B01007,Nedumangad,,B010600,G01044,Panavoor,,G010603,,,true
KL,Kerala,കേരളം,TVM,Thiruvananthapuram,തിരുവനന്തപുരം,1,B01007,Nedumangad,,B010600,G01040,Karakulam,,G010604,,,true
KL,Kerala,കേരളം,TVM,Thiruvananthapuram,തിരുവനന്തപുരം,1,B01007,Nedumangad,,B010600,G01042,Vembayam,,G010605,,,true
KL,Kerala,കേരളം,TVM,Thiruvananthapuram,തിരുവനന്തപുരം,1,B01005,Pothencode,,B010700,G01027,Andoorkonam,,G010701,,,true
KL,Kerala,കേരളം,TVM,Thiruvananthapuram,തിരുവനന്തപുരം,1,B01005,Pothencode,,B010700,G01028,Kadinamkulam,,G010702,,,true
KL,Kerala,കേരളം,TVM,Thiruvananthapuram,തിരുവനന്തപുരം,1,B01005,Pothencode,,B010700,G01029,Mangalapuram,,G010703,,,true
KL,Kerala,കേരളം,TVM,Thiruvananthapuram,തിരുവനന്തപുരം,1,B01005,Pothencode,,B010700,G01030,Pothencode,,G010704,,,true
KL,Kerala,കേരളം,TVM,Thiruvananthapuram,തിരുവനന്തപുരം,1,B01005,Pothencode,,B010700,G01031,Azhoor,,G010705,,,true
KL,Kerala,കേരളം,TVM,Thiruvananthapuram,തിരുവനന്തപുരം,1,B01004,Nemom,,B010800,G01021,Balaramapuram,,G010801,,,true
KL,Kerala,കേരളം,TVM,Thiruvananthapuram,തിരുവനന്തപുരം,1,B01004,Nemom,,B010800,G01022,Pallichal,,G010802,,,true
KL,Kerala,കേരളം,TVM,Thiruvananthapuram,തിരുവനന്തപുരം,1,B01004,Nemom,,B010800,G01020,Maranallur,,G010803,,,true
KL,Kerala,കേരളം,TVM,Thiruvananthapuram,തിരുവനന്തപുരം,1,B01004,Nemom,,B010800,G01023,Malayinkeezhu,,G010804,,,true
KL,Kerala,കേരളം,TVM,Thiruvananthapuram,തിരുവനന്തപുരം,1,B01004,Nemom,,B010800,G01024,Vilappil,,G010805,,,true
KL,Kerala,കേരളം,TVM,Thiruvananthapuram,തിരുവനന്തപുരം,1,B01004,Nemom,,B010800,G01025,Vilavoorkal,,G010806,,,true
KL,Kerala,കേരളം,TVM,Thiruvananthapuram,തിരുവനന്തപുരം,1,B01004,Nemom,,B010800,G01026,Kalliyoor,,G010807,,,true
KL,Kerala,കേരളം,TVM,Thiruvananthapuram,തിരുവനന്തപുരം,1,B01002,Perumkadavila,,B010900,G01010,Perumkadavila,,G010901,,,true
KL,Kerala,കേരളം,TVM,Thiruvananthapuram,തിരുവനന്തപുരം,1,B01002,Perumkadavila,,B010900,G01009,Kollayil,,G010902,,,true
KL,Kerala,കേരളം,TVM,Thiruvananthapuram,തിരുവനന്തപുരം,1,B01002,Perumkadavila,,B010900,G01012,Ottasekaramangalam,,G010903,,,true
KL,Kerala,കേരളം,TVM,Thiruvananthapuram,തിരുവനന്തപുരം,1,B01002,Perumkadavila,,B010900,G01011,Aryankode,,G010904,,,true
KL,Kerala,കേരളം,TVM,Thiruvananthapuram,തിരുവനന്തപുരം,1,B01002,Perumkadavila,,B010900,G01013,Kallikkadu,,G010905,,,true
KL,Kerala,കേരളം,TVM,Thiruvananthapuram,തിരുവനന്തപുരം,1,B01002,Perumkadavila,,B010900,G01008,Kunnathukal,,G010906,,,true
KL,Kerala,കേരളം,TVM,Thiruvananthapuram,തിരുവനന്തപുരം,1,B01002,Perumkadavila,,B010900,G01007,Vellarada,,G010907,,,true
KL,Kerala,കേരളം,TVM,Thiruvananthapuram,തിരുവനന്തപുരം,1,B01002,Perumkadavila,,B010900,G01014,Amboori,,G010908,,,true
KL,Kerala,കേരളം,TVM,Thiruvananthapuram,തിരുവനന്തപുരം,1,B01003,Athiyanoor,,B011000,G01015,Athiyannoor,,G011001,,,true
KL,Kerala,കേരളം,TVM,Thiruvananthapuram,തിരുവനന്തപുരം,1,B01003,Athiyanoor,,B011000,G01016,Kanjiramkulam,,G011002,,,true
KL,Kerala,കേരളം,TVM,Thiruvananthapuram,തിരുവനന്തപുരം,1,B01003,Athiyanoor,,B011000,G01017,Karumkulam,,G011003,,,true
KL,Kerala,കേരളം,TVM,Thiruvananthapuram,തിരുവനന്തപുരം,1,B01003,Athiyanoor,,B011000,G01018,Kottukal,,G011004,,,true
KL,Kerala,കേരളം,TVM,Thiruvananthapuram,തിരുവനന്തപുരം,1,B01003,Athiyanoor,,B011000,G01019,Venganoor,,G011005,,,true
KL,Kerala,കേരളം,TVM,Thiruvananthapuram,തിരുവനന്തപുരം,1,B01001,Parassala,,B011100,G01004,Chenkal,,G011101,,,true
KL,Kerala,കേരളം,TVM,Thiruvananthapuram,തിരുവനന്തപുരം,1,B01001,Parassala,,B011100,G01002,Karode,,G011102,,,true
KL,Kerala,കേരളം,TVM,Thiruvananthapuram,തിരുവനന്തപുരം,1,B01001,Parassala,,B011100,G01003,Kulathoor,,G011103,,,true
KL,Kerala,കേരളം,TVM,Thiruvananthapuram,തിരുവനന്തപുരം,1,B01001,Parassala,,B011100,G01001,Parassala,,G011104,,,true
KL,Kerala,കേരളം,TVM,Thiruvananthapuram,തിരുവനന്തപുരം,1,B01001,Parassala,,B011100,G01005,Thirupuram,,G011105,,,true
KL,Kerala,കേരളം,TVM,Thiruvananthapuram,തിരുവനന്തപുരം,1,B01001,Parassala,,B011100,G01006,Poovar,,G011106,,,true
KL,Kerala,കേരളം,KLM,Kollam,കൊല്ലം,2,B02012,Oachira,,B020100,G02001,Oachira,,G020101,,,true
KL,Kerala,കേരളം,KLM,Kollam,കൊല്ലം,2,B02012,Oachira,,B020100,G02002,Kulasekharapuram,,G020102,,,true
KL,Kerala,കേരളം,KLM,Kollam,കൊല്ലം,2,B02012,Oachira,,B020100,G02004,Clappana,,G020103,,,true
KL,Kerala,കേരളം,KLM,Kollam,കൊല്ലം,2,B02012,Oachira,,B020100,G02003,Thazhava,,G020104,,,true
KL,Kerala,കേരളം,KLM,Kollam,കൊല്ലം,2,B02012,Oachira,,B020100,G02005,Alappad,,G020105,,,true
KL,Kerala,കേരളം,KLM,Kollam,കൊല്ലം,2,B02012,Oachira,,B020100,G02006,Thodiyoor,,G020106,,,true
KL,Kerala,കേരളം,KLM,Kollam,കൊല്ലം,2,B02013,Sasthamcotta,,B020200,G02007,Sasthamcotta,,G020201,,,true
KL,Kerala,കേരളം,KLM,Kollam,കൊല്ലം,2,B02013,Sasthamcotta,,B020200,G02008,West Kallada,,G020202,,,true
KL,Kerala,കേരളം,KLM,Kollam,കൊല്ലം,2,B02013,Sasthamcotta,,B020200,G02009,Sooranad South,,G020203,,,true
KL,Kerala,കേരളം,KLM,Kollam,കൊല്ലം,2,B02013,Sasthamcotta,,B020200,G02010,Poruvazhi,,G020204,,,true
KL,Kerala,കേരളം,KLM,Kollam,കൊല്ലം,2,B02013,Sasthamcotta,,B020200,G02011,Kunnathur,,G020205,,,true
KL,Kerala,കേരളം,KLM,Kollam,കൊല്ലം,2,B02013,Sasthamcotta,,B020200,G02012,Sooranad North,,G020206,,,true
KL,Kerala,കേരളം,KLM,Kollam,കൊല്ലം,2,B02013,Sasthamcotta,,B020200,G02013,Mynagappally,,G020207,,,true
KL,Kerala,കേരളം,KLM,Kollam,കൊല്ലം,2,B02014,Vettikavala,,B020300,G02014,Ummannoor,,G020301,,,true
KL,Kerala,കേരളം,KLM,Kollam,കൊല്ലം,2,B02014,Vettikavala,,B020300,G02015,Vettikavala,,G020302,,,true
KL,Kerala,കേരളം,KLM,Kollam,കൊല്ലം,2,B02014,Vettikavala,,B020300,G02016,Melila,,G020303,,,true
KL,Kerala,കേരളം,KLM,Kollam,കൊല്ലം,2,B02014,Vettikavala,,B020300,G02017,Mylom,,G020304,,,true
KL,Kerala,കേരളം,KLM,Kollam,കൊല്ലം,2,B02014,Vettikavala,,B020300,G02018,Kulakkada,,G020305,,,true
KL,Kerala,കേരളം,KLM,Kollam,കൊല്ലം,2,B02014,Vettikavala,,B020300,G02019,Pavithreswaram,,G020306,,,true
KL,Kerala,കേരളം,KLM,Kollam,കൊല്ലം,2,B02015,Pathanapuram,,B020400,G02020,Vilakkudy,,G020401,,,true
KL,Kerala,കേരളം,KLM,Kollam,കൊല്ലം,2,B02015,Pathanapuram,,B020400,G02021,Thalavoor,,G020402,,,true
KL,Kerala,കേരളം,KLM,Kollam,കൊല്ലം,2,B02015,Pathanapuram,,B020400,G02022,Piravanthur,,G020403,,,true
KL,Kerala,കേരളം,KLM,Kollam,കൊല്ലം,2,B02015,Pathanapuram,,B020400,G02023,Pattazhi Vadakkekara,,G020404,,,true
KL,Kerala,കേരളം,KLM,Kollam,കൊല്ലം,2,B02015,Pathanapuram,,B020400,G02024,Pattazhi,,G020405,,,true
KL,Kerala,കേരളം,KLM,Kollam,കൊല്ലം,2,B02015,Pathanapuram,,B020400,G02025,Pathanapuram,,G020406,,,true
KL,Kerala,കേരളം,KLM,Kollam,കൊല്ലം,2,B02016,Anchal,,B020500,G02026,Kulathupuzha,,G020501,,,true
KL,Kerala,കേരളം,KLM,Kollam,കൊല്ലം,2,B02016,Anchal,,B020500,G02027,Yeroor,,G020502,,,true
KL,Kerala,കേരളം,KLM,Kollam,കൊല്ലം,2,B02016,Anchal,,B020500,G02028,Alayaman,,G020503,,,true
KL,Kerala,കേരളം,KLM,Kollam,കൊല്ലം,2,B02016,Anchal,,B020500,G02029,Anchal,,G020504,,,true
KL,Kerala,കേരളം,KLM,Kollam,കൊല്ലം,2,B02016,Anchal,,B020500,G02030,Edamulakkal,,G020505,,,true
KL,Kerala,കേരളം,KLM,Kollam,കൊല്ലം,2,B02016,Anchal,,B020500,G02031,Karavaloor,,G020506,,,true
KL,Kerala,കേരളം,KLM,Kollam,കൊല്ലം,2,B02016,Anchal,,B020500,G02032,Thenmala,,G020507,,,true
KL,Kerala,കേരളം,KLM,Kollam,കൊല്ലം,2,B02016,Anchal,,B020500,G02033,Aryankavu,,G020508,,,true
KL,Kerala,കേരളം,KLM,Kollam,കൊല്ലം,2,B02017,Kottarakara,,B020600,G02034,Veliyam,,G020601,,,true
KL,Kerala,കേരളം,KLM,Kollam,കൊല്ലം,2,B02017,Kottarakara,,B020600,G02035,Pooyappally,,G020602,,,true
KL,Kerala,കേരളം,KLM,Kollam,കൊല്ലം,2,B02017,Kottarakara,,B020600,G02036,Kareepra,,G020603,,,true
KL,Kerala,കേരളം,KLM,Kollam,കൊല്ലം,2,B02017,Kottarakara,,B020600,G02037,Ezhukone,,G020604,,,true
KL,Kerala,കേരളം,KLM,Kollam,കൊല്ലം,2,B02017,Kottarakara,,B020600,G02038,Neduvathur,,G020605,,,true
KL,Kerala,കേരളം,KLM,Kollam,കൊല്ലം,2,B02018,Chittumala,,B020700,G02043,Perinad,,G020701,,,true
KL,Kerala,കേരളം,KLM,Kollam,കൊല്ലം,2,B02018,Chittumala,,B020700,G02044,Kundara,,G020702,,,true
KL,Kerala,കേരളം,KLM,Kollam,കൊല്ലം,2,B02018,Chittumala,,B020700,G02046,East Kallada,,G020703,,,true
KL,Kerala,കേരളം,KLM,Kollam,കൊല്ലം,2,B02018,Chittumala,,B020700,G02045,Perayam,,G020704,,,true
KL,Kerala,കേരളം,KLM,Kollam,കൊല്ലം,2,B02018,Chittumala,,B020700,G02047,Mandrothuruthu,,G020705,,,true
KL,Kerala,കേരളം,KLM,Kollam,കൊല്ലം,2,B02018,Chittumala,,B020700,G02042,Panayam,,G020706,,,true
KL,Kerala,കേരളം,KLM,Kollam,കൊല്ലം,2,B02018,Chittumala,,B020700,G02041,Thrikkaruva,,G020708,,,true
KL,Kerala,കേരളം,KLM,Kollam,കൊല്ലം,2,B02019,Chavara,,B020800,G02048,Thekkumbhagam,,G020801,,,true
KL,Kerala,കേരളം,KLM,Kollam,കൊല്ലം,2,B02019,Chavara,,B020800,G02049,Chavara,,G020802,,,true
KL,Kerala,കേരളം,KLM,Kollam,കൊല്ലം,2,B02019,Chavara,,B020800,G02050,Thevalakkara,,G020803,,,true
KL,Kerala,കേരളം,KLM,Kollam,കൊല്ലം,2,B02019,Chavara,,B020800,G02051,Panmana,,G020804,,,true
KL,Kerala,കേരളം,KLM,Kollam,കൊല്ലം,2,B02019,Chavara,,B020800,G02052,Neendakara,,G020805,,,true
KL,Kerala,കേരളം,KLM,Kollam,കൊല്ലം,2,B02020,Mukhathala,,B020900,G02053,Mayyanad,,G020901,,,true
KL,Kerala,കേരളം,KLM,Kollam,കൊല്ലം,2,B02020,Mukhathala,,B020900,G02055,Thrikkovilvattom,,G020902,,,true
KL,Kerala,കേരളം,KLM,Kollam,കൊല്ലം,2,B02020,Mukhathala,,B020900,G02056,Kottamkara,,G020903,,,true
KL,Kerala,കേരളം,KLM,Kollam,കൊല്ലം,2,B02020,Mukhathala,,B020900,G02054,Elampalloor,,G020904,,,true
KL,Kerala,കേരളം,KLM,Kollam,കൊല്ലം,2,B02020,Mukhathala,,B020900,G02057,Nedumpana,,G020905,,,true
KL,Kerala,കേരളം,KLM,Kollam,കൊല്ലം,2,B02022,Ithikara,,B021000,G02066,Poothakkulam,,G021001,,,true
KL,Kerala,കേരളം,KLM,Kollam,കൊല്ലം,2,B02022,Ithikara,,B021000,G02067,Kalluvathukkal,,G021002,,,true
KL,Kerala,കേരളം,KLM,Kollam,കൊല്ലം,2,B02022,Ithikara,,B021000,G02068,Chathannur,,G021003,,,true
KL,Kerala,കേരളം,KLM,Kollam,കൊല്ലം,2,B02022,Ithikara,,B021000,G02069,Adichanalloor,,G021004,,,true
KL,Kerala,കേരളം,KLM,Kollam,കൊല്ലം,2,B02022,Ithikara,,B021000,G02070,Chirakkara,,G021005,,,true
KL,Kerala,കേരളം,KLM,Kollam,കൊല്ലം,2,B02021,Chadayamangalam,,B021100,G02058,Chithara,,G021101,,,true
KL,Kerala,കേരളം,KLM,Kollam,കൊല്ലം,2,B02021,Chadayamangalam,,B021100,G02059,Kadakkal,,G021102,,,true
KL,Kerala,കേരളം,KLM,Kollam,കൊല്ലം,2,B02021,Chadayamangalam,,B021100,G02060,Chadayamangalam,,G021103,,,true
KL,Kerala,കേരളം,KLM,Kollam,കൊല്ലം,2,B02021,Chadayamangalam,,B021100,G02061,Ittiva,,G021104,,,true
KL,Kerala,കേരളം,KLM,Kollam,കൊല്ലം,2,B02021,Chadayamangalam,,B021100,G02062,Velinalloor,,G021105,,,true
KL,Kerala,കേരളം,KLM,Kollam,കൊല്ലം,2,B02021,Chadayamangalam,,B021100,G02063,Elamadu,,G021106,,,true
KL,Kerala,കേരളം,KLM,Kollam,കൊല്ലം,2,B02021,Chadayamangalam,,B021100,G02064,Nilamel,,G021107,,,true
KL,Kerala,കേരളം,KLM,Kollam,കൊല്ലം,2,B02021,Chadayamangalam,,B021100,G02065,Kummil,,G021108,,,true
KL,Kerala,കേരളം,PTA,Pathanamthitta,പത്തനംതിട്ട,3,B03023,Mallappally,,B030100,G03001,Anikkadu,,G030101,,,true
KL,Kerala,കേരളം,PTA,Pathanamthitta,പത്തനംതിട്ട,3,B03023,Mallappally,,B030100,G03002,Kaviyoor,,G030102,,,true
KL,Kerala,കേരളം,PTA,Pathanamthitta,പത്തനംതിട്ട,3,B03023,Mallappally,,B030100,G03003,Kottanad,,G030103,,,true
KL,Kerala,കേരളം,PTA,Pathanamthitta,പത്തനംതിട്ട,3,B03023,Mallappally,,B030100,G03005,Kottangal,,G030104,,,true
KL,Kerala,കേരളം,PTA,Pathanamthitta,പത്തനംതിട്ട,3,B03023,Mallappally,,B030100,G03004,Kallooppara,,G030105,,,true
KL,Kerala,കേരളം,PTA,Pathanamthitta,പത്തനംതിട്ട,3,B03023,Mallappally,,B030100,G03006,Kunnanthanam,,G030106,,,true
KL,Kerala,കേരളം,PTA,Pathanamthitta,പത്തനംതിട്ട,3,B03023,Mallappally,,B030100,G03007,Mallappally,,G030107,,,true
KL,Kerala,കേരളം,PTA,Pathanamthitta,പത്തനംതിട്ട,3,B03024,Pulikkeezhu,,B030200,G03008,Kadapra,,G030201,,,true
KL,Kerala,കേരളം,PTA,Pathanamthitta,പത്തനംതിട്ട,3,B03024,Pulikkeezhu,,B030200,G03009,Kuttoor,,G030202,,,true
KL,Kerala,കേരളം,PTA,Pathanamthitta,പത്തനംതിട്ട,3,B03024,Pulikkeezhu,,B030200,G03010,Niranam,,G030203,,,true
KL,Kerala,കേരളം,PTA,Pathanamthitta,പത്തനംതിട്ട,3,B03024,Pulikkeezhu,,B030200,G03011,Nedumpram,,G030204,,,true
KL,Kerala,കേരളം,PTA,Pathanamthitta,പത്തനംതിട്ട,3,B03024,Pulikkeezhu,,B030200,G03012,Peringara,,G030205,,,true
KL,Kerala,കേരളം,PTA,Pathanamthitta,പത്തനംതിട്ട,3,B03025,Koipuram,,B030300,G03013,Ayiroor,,G030301,,,true
KL,Kerala,കേരളം,PTA,Pathanamthitta,പത്തനംതിട്ട,3,B03025,Koipuram,,B030300,G03014,Eraviperoor,,G030302,,,true
KL,Kerala,കേരളം,PTA,Pathanamthitta,പത്തനംതിട്ട,3,B03025,Koipuram,,B030300,G03015,Koipram,,G030303,,,true
KL,Kerala,കേരളം,PTA,Pathanamthitta,പത്തനംതിട്ട,3,B03025,Koipuram,,B030300,G03016,Thottappuzhassery,,G030304,,,true
KL,Kerala,കേരളം,PTA,Pathanamthitta,പത്തനംതിട്ട,3,B03025,Koipuram,,B030300,G03017,Ezhumattoor,,G030305,,,true
KL,Kerala,കേരളം,PTA,Pathanamthitta,പത്തനംതിട്ട,3,B03025,Koipuram,,B030300,G03018,Puramattam,,G030306,,,true
KL,Kerala,കേരളം,PTA,Pathanamthitta,പത്തനംതിട്ട,3,B03026,Elanthoor,,B030400,G03019,Omalloor,,G030401,,,true
KL,Kerala,കേരളം,PTA,Pathanamthitta,പത്തനംതിട്ട,3,B03026,Elanthoor,,B030400,G03020,Chenneerkara,,G030402,,,true
KL,Kerala,കേരളം,PTA,Pathanamthitta,പത്തനംതിട്ട,3,B03026,Elanthoor,,B030400,G03021,Elanthoor,,G030403,,,true
KL,Kerala,കേരളം,PTA,Pathanamthitta,പത്തനംതിട്ട,3,B03026,Elanthoor,,B030400,G03022,Cherukol,,G030404,,,true
KL,Kerala,കേരളം,PTA,Pathanamthitta,പത്തനംതിട്ട,3,B03026,Elanthoor,,B030400,G03023,Kozhanchery,,G030405,,,true
KL,Kerala,കേരളം,PTA,Pathanamthitta,പത്തനംതിട്ട,3,B03026,Elanthoor,,B030400,G03024,Mallappuzhassery,,G030406,,,true
KL,Kerala,കേരളം,PTA,Pathanamthitta,പത്തനംതിട്ട,3,B03026,Elanthoor,,B030400,G03025,Naranganam,,G030407,,,true
KL,Kerala,കേരളം,PTA,Pathanamthitta,പത്തനംതിട്ട,3,B03027,Ranni,,B030500,G03026,Ranni Pazhavangady,,G030501,,,true
KL,Kerala,കേരളം,PTA,Pathanamthitta,പത്തനംതിട്ട,3,B03027,Ranni,,B030500,G03027,Ranni,,G030502,,,true
KL,Kerala,കേരളം,PTA,Pathanamthitta,പത്തനംതിട്ട,3,B03027,Ranni,,B030500,G03028,Ranny Angady,,G030503,,,true
KL,Kerala,കേരളം,PTA,Pathanamthitta,പത്തനംതിട്ട,3,B03027,Ranni,,B030500,G03029,Ranny Perunadu,,G030504,,,true
KL,Kerala,കേരളം,PTA,Pathanamthitta,പത്തനംതിട്ട,3,B03027,Ranni,,B030500,G03030,Vadasserikkara,,G030505,,,true
KL,Kerala,കേരളം,PTA,Pathanamthitta,പത്തനംതിട്ട,3,B03027,Ranni,,B030500,G03031,Chittar,,G030506,,,true
KL,Kerala,കേരളം,PTA,Pathanamthitta,പത്തനംതിട്ട,3,B03027,Ranni,,B030500,G03032,Seethathodu,,G030507,,,true
KL,Kerala,കേരളം,PTA,Pathanamthitta,പത്തനംതിട്ട,3,B03027,Ranni,,B030500,G03033,Naranammoozhy,,G030508,,,true
KL,Kerala,കേരളം,PTA,Pathanamthitta,പത്തനംതിട്ട,3,B03027,Ranni,,B030500,G03034,Vechoochira,,G030509,,,true
KL,Kerala,കേരളം,PTA,Pathanamthitta,പത്തനംതിട്ട,3,B03028,Konni,,B030600,G03035,Konni,,G030601,,,true
KL,Kerala,കേരളം,PTA,Pathanamthitta,പത്തനംതിട്ട,3,B03028,Konni,,B030600,G03036,Aruvappulam,,G030602,,,true
KL,Kerala,കേരളം,PTA,Pathanamthitta,പത്തനംതിട്ട,3,B03028,Konni,,B030600,G03037,Pramadam,,G030603,,,true
KL,Kerala,കേരളം,PTA,Pathanamthitta,പത്തനംതിട്ട,3,B03028,Konni,,B030600,G03038,Mylapra,,G030604,,,true
KL,Kerala,കേരളം,PTA,Pathanamthitta,പത്തനംതിട്ട,3,B03028,Konni,,B030600,G03039,Vallikkodu,,G030605,,,true
KL,Kerala,കേരളം,PTA,Pathanamthitta,പത്തനംതിട്ട,3,B03028,Konni,,B030600,G03040,Thannithodu,,G030606,,,true
KL,Kerala,കേരളം,PTA,Pathanamthitta,പത്തനംതിട്ട,3,B03028,Konni,,B030600,G03041,Malayalapuzha,,G030607,,,true
KL,Kerala,കേരളം,PTA,Pathanamthitta,പത്തനംതിട്ട,3,B03029,Pandalam,,B030700,G03042,Panthalam-Thekkekkara,,G030701,,,true
KL,Kerala,കേരളം,PTA,Pathanamthitta,പത്തനംതിട്ട,3,B03029,Pandalam,,B030700,G03044,Thumpamon,,G030702,,,true
KL,Kerala,കേരളം,PTA,Pathanamthitta,പത്തനംതിട്ട,3,B03029,Pandalam,,B030700,G03046,Aranmula,,G030704,,,true
KL,Kerala,കേരളം,PTA,Pathanamthitta,പത്തനംതിട്ട,3,B03029,Pandalam,,B030700,G03047,Mezhuvely,,G030705,,,true
KL,Kerala,കേരളം,PTA,Pathanamthitta,പത്തനംതിട്ട,3,B03029,Pandalam,,B030700,G03045,Kulanada,,G030706,,,true
KL,Kerala,കേരളം,PTA,Pathanamthitta,പത്തനംതിട്ട,3,B03030,Parakodu,,B030800,G03048,Enadimangalam,,G030801,,,true
KL,Kerala,കേരളം,PTA,Pathanamthitta,പത്തനംതിട്ട,3,B03030,Parakodu,,B030800,G03049,Earathu,,G030802,,,true
KL,Kerala,കേരളം,PTA,Pathanamthitta,പത്തനംതിട്ട,3,B03030,Parakodu,,B030800,G03050,Ezhamkulam,,G030803,,,true
KL,Kerala,കേരളം,PTA,Pathanamthitta,പത്തനംതിട്ട,3,B03030,Parakodu,,B030800,G03051,Kadambanad,,G030804,,,true
KL,Kerala,കേരളം,PTA,Pathanamthitta,പത്തനംതിട്ട,3,B03030,Parakodu,,B030800,G03052,Kalanjoor,,G030805,,,true
KL,Kerala,കേരളം,PTA,Pathanamthitta,പത്തനംതിട്ട,3,B03030,Parakodu,,B030800,G03053,Kodumon,,G030806,,,true
KL,Kerala,കേരളം,PTA,Pathanamthitta,പത്തനംതിട്ട,3,B03030,Parakodu,,B030800,G03054,Pallickal,,G030807,,,true
KL,Kerala,കേരളം,ALP,Alappuzha,ആലപ്പുഴ,4,B04031,Thykkattussery,,B040100,G04001,Arookutty,,G040101,,,true
KL,Kerala,കേരളം,ALP,Alappuzha,ആലപ്പുഴ,4,B04031,Thykkattussery,,B040100,G04002,Chennam Pallippuram,,G040102,,,true
KL,Kerala,കേരളം,ALP,Alappuzha,ആലപ്പുഴ,4,B04031,Thykkattussery,,B040100,G04003,Panavally,,G040103,,,true
KL,Kerala,കേരളം,ALP,Alappuzha,ആലപ്പുഴ,4,B04031,Thykkattussery,,B040100,G04004,Perumbalam,,G040104,,,true
KL,Kerala,കേരളം,ALP,Alappuzha,ആലപ്പുഴ,4,B04031,Thykkattussery,,B040100,G04005,Thycattussery,,G040105,,,true
KL,Kerala,കേരളം,ALP,Alappuzha,ആലപ്പുഴ,4,B04032,Pattanakkad,,B040200,G04012,Vayalar,,G040201,,,true
KL,Kerala,കേരളം,ALP,Alappuzha,ആലപ്പുഴ,4,B04032,Pattanakkad,,B040200,G04011,Pattanakkad,,G040202,,,true
KL,Kerala,കേരളം,ALP,Alappuzha,ആലപ്പുഴ,4,B04032,Pattanakkad,,B040200,G04010,Thuravoor,,G040203,,,true
KL,Kerala,കേരളം,ALP,Alappuzha,ആലപ്പുഴ,4,B04032,Pattanakkad,,B040200,G04008,Kuthiathode,,G040204,,,true
KL,Kerala,കേരളം,ALP,Alappuzha,ആലപ്പുഴ,4,B04032,Pattanakkad,,B040200,G04009,Kodamthuruth,,G040205,,,true
KL,Kerala,കേരളം,ALP,Alappuzha,ആലപ്പുഴ,4,B04032,Pattanakkad,,B040200,G04007,Ezhupunna,,G040206,,,true
KL,Kerala,കേരളം,ALP,Alappuzha,ആലപ്പുഴ,4,B04032,Pattanakkad,,B040200,G04006,Aroor,,G040207,,,true
KL,Kerala,കേരളം,ALP,Alappuzha,ആലപ്പുഴ,4,B04033,Kanjikkuzhy,,B040300,G04015,Mararikkulam North,,G040301,,,true
KL,Kerala,കേരളം,ALP,Alappuzha,ആലപ്പുഴ,4,B04033,Kanjikkuzhy,,B040300,G04013,Kanjikkuzhy,,G040302,,,true
KL,Kerala,കേരളം,ALP,Alappuzha,ആലപ്പുഴ,4,B04033,Kanjikkuzhy,,B040300,G04017,Thanneermukkam,,G040303,,,true
KL,Kerala,കേരളം,ALP,Alappuzha,ആലപ്പുഴ,4,B04033,Kanjikkuzhy,,B040300,G04014,Cherthala South,,G040304,,,true
KL,Kerala,കേരളം,ALP,Alappuzha,ആലപ്പുഴ,4,B04033,Kanjikkuzhy,,B040300,G04016,Kadakkarapally,,G040305,,,true
KL,Kerala,കേരളം,ALP,Alappuzha,ആലപ്പുഴ,4,B04034,Aryad,,B040400,G04018,Aryad,,G040401,,,true
KL,Kerala,കേരളം,ALP,Alappuzha,ആലപ്പുഴ,4,B04034,Aryad,,B040400,G04019,Mannanchery,,G040402,,,true
KL,Kerala,കേരളം,ALP,Alappuzha,ആലപ്പുഴ,4,B04034,Aryad,,B040400,G04020,Mararikkulam South,,G040403,,,true
KL,Kerala,കേരളം,ALP,Alappuzha,ആലപ്പുഴ,4,B04034,Aryad,,B040400,G04021,Muhamma,,G040404,,,true
KL,Kerala,കേരളം,ALP,Alappuzha,ആലപ്പുഴ,4,B04035,Ambalappuzha,,B040500,G04026,Purakkad,,G040501,,,true
KL,Kerala,കേരളം,ALP,Alappuzha,ആലപ്പുഴ,4,B04035,Ambalappuzha,,B040500,G04022,Ambalappuzha South,,G040502,,,true
KL,Kerala,കേരളം,ALP,Alappuzha,ആലപ്പുഴ,4,B04035,Ambalappuzha,,B040500,G04023,Ambalappuzha North,,G040503,,,true
KL,Kerala,കേരളം,ALP,Alappuzha,ആലപ്പുഴ,4,B04035,Ambalappuzha,,B040500,G04024,Punnapra South,,G040504,,,true
KL,Kerala,കേരളം,ALP,Alappuzha,ആലപ്പുഴ,4,B04035,Ambalappuzha,,B040500,G04025,Punnapra North,,G040505,,,true
KL,Kerala,കേരളം,ALP,Alappuzha,ആലപ്പുഴ,4,B04036,Champakkulam,,B040600,G04031,Thalavady,,G040601,,,true
KL,Kerala,കേരളം,ALP,Alappuzha,ആലപ്പുഴ,4,B04036,Champakkulam,,B040600,G04027,Edathua,,G040602,,,true
KL,Kerala,കേരളം,ALP,Alappuzha,ആലപ്പുഴ,4,B04036,Champakkulam,,B040600,G04030,Thakazhy,,G040603,,,true
KL,Kerala,കേരളം,ALP,Alappuzha,ആലപ്പുഴ,4,B04036,Champakkulam,,B040600,G04032,Nedumudi,,G040604,,,true
KL,Kerala,കേരളം,ALP,Alappuzha,ആലപ്പുഴ,4,B04036,Champakkulam,,B040600,G04029,Champakkulam,,G040605,,,true
KL,Kerala,കേരളം,ALP,Alappuzha,ആലപ്പുഴ,4,B04036,Champakkulam,,B040600,G04028,Kainakary,,G040606,,,true
KL,Kerala,കേരളം,ALP,Alappuzha,ആലപ്പുഴ,4,B04037,Veliyanad,,B040700,G04036,Muttar,,G040701,,,true
KL,Kerala,കേരളം,ALP,Alappuzha,ആലപ്പുഴ,4,B04037,Veliyanad,,B040700,G04038,Veliyanad,,G040702,,,true
KL,Kerala,കേരളം,ALP,Alappuzha,ആലപ്പുഴ,4,B04037,Veliyanad,,B040700,G04035,Neelamperoor,,G040703,,,true
KL,Kerala,കേരളം,ALP,Alappuzha,ആലപ്പുഴ,4,B04037,Veliyanad,,B040700,G04033,Kavalam,,G040704,,,true
KL,Kerala,കേരളം,ALP,Alappuzha,ആലപ്പുഴ,4,B04037,Veliyanad,,B040700,G04034,Pulincunnu,,G040705,,,true
KL,Kerala,കേരളം,ALP,Alappuzha,ആലപ്പുഴ,4,B04037,Veliyanad,,B040700,G04037,Ramankary,,G040706,,,true
KL,Kerala,കേരളം,ALP,Alappuzha,ആലപ്പുഴ,4,B04038,Chengannur,,B040800,G04045,Mulakkuzha,,G040801,,,true
KL,Kerala,കേരളം,ALP,Alappuzha,ആലപ്പുഴ,4,B04038,Chengannur,,B040800,G04046,Venmony,,G040802,,,true
KL,Kerala,കേരളം,ALP,Alappuzha,ആലപ്പുഴ,4,B04038,Chengannur,,B040800,G04039,Cheriyanad,,G040803,,,true
KL,Kerala,കേരളം,ALP,Alappuzha,ആലപ്പുഴ,4,B04038,Chengannur,,B040800,G04040,Ala,,G040804,,,true
KL,Kerala,കേരളം,ALP,Alappuzha,ആലപ്പുഴ,4,B04038,Chengannur,,B040800,G04041,Puliyur,,G040805,,,true
KL,Kerala,കേരളം,ALP,Alappuzha,ആലപ്പുഴ,4,B04038,Chengannur,,B040800,G04042,Budhannur,,G040806,,,true
KL,Kerala,കേരളം,ALP,Alappuzha,ആലപ്പുഴ,4,B04038,Chengannur,,B040800,G04043,Pandanad,,G040807,,,true
KL,Kerala,കേരളം,ALP,Alappuzha,ആലപ്പുഴ,4,B04038,Chengannur,,B040800,G04044,Thiruvanvandoor,,G040808,,,true
KL,Kerala,കേരളം,ALP,Alappuzha,ആലപ്പുഴ,4,B04039,Harippad,,B040900,G04047,Karthikapally,,G040901,,,true
KL,Kerala,കേരളം,ALP,Alappuzha,ആലപ്പുഴ,4,B04039,Harippad,,B040900,G04048,Thrikkunnappuzha,,G040902,,,true
KL,Kerala,കേരളം,ALP,Alappuzha,ആലപ്പുഴ,4,B04039,Harippad,,B040900,G04049,Kumarapuram,,G040903,,,true
KL,Kerala,കേരളം,ALP,Alappuzha,ആലപ്പുഴ,4,B04039,Harippad,,B040900,G04050,Karuvatta,,G040904,,,true
KL,Kerala,കേരളം,ALP,Alappuzha,ആലപ്പുഴ,4,B04039,Harippad,,B040900,G04052,Pallippad,,G040906,,,true
KL,Kerala,കേരളം,ALP,Alappuzha,ആലപ്പുഴ,4,B04039,Harippad,,B040900,G04053,Cheruthana,,G040907,,,true
KL,Kerala,കേരളം,ALP,Alappuzha,ആലപ്പുഴ,4,B04039,Harippad,,B040900,G04054,Veeyapuram,,G040908,,,true
KL,Kerala,കേരളം,ALP,Alappuzha,ആലപ്പുഴ,4,B04040,Mavelikkara,,B041000,G04055,Mavelikkara Thekkekkara,,G041001,,,true
KL,Kerala,കേരളം,ALP,Alappuzha,ആലപ്പുഴ,4,B04040,Mavelikkara,,B041000,G04056,Chettikulangara,,G041002,,,true
KL,Kerala,കേരളം,ALP,Alappuzha,ആലപ്പുഴ,4,B04040,Mavelikkara,,B041000,G04057,Chennithala Thripperuthura,,G041003,,,true
KL,Kerala,കേരളം,ALP,Alappuzha,ആലപ്പുഴ,4,B04040,Mavelikkara,,B041000,G04058,Thazhakkara,,G041004,,,true
KL,Kerala,കേരളം,ALP,Alappuzha,ആലപ്പുഴ,4,B04040,Mavelikkara,,B041000,G04059,Mannar,,G041005,,,true
KL,Kerala,കേരളം,ALP,Alappuzha,ആലപ്പുഴ,4,B04041,Bharanikkavu,,B041100,G04061,Nooranad,,G041101,,,true
KL,Kerala,കേരളം,ALP,Alappuzha,ആലപ്പുഴ,4,B04041,Bharanikkavu,,B041100,G04065,Vallikunnam,,G041102,,,true
KL,Kerala,കേരളം,ALP,Alappuzha,ആലപ്പുഴ,4,B04041,Bharanikkavu,,B041100,G04063,Bharanikkavu,,G041103,,,true
KL,Kerala,കേരളം,ALP,Alappuzha,ആലപ്പുഴ,4,B04041,Bharanikkavu,,B041100,G04064,Mavelikkara -Thamarakkulam,,G041104,,,true
KL,Kerala,കേരളം,ALP,Alappuzha,ആലപ്പുഴ,4,B04041,Bharanikkavu,,B041100,G04060,Chunakkara,,G041105,,,true
KL,Kerala,കേരളം,ALP,Alappuzha,ആലപ്പുഴ,4,B04041,Bharanikkavu,,B041100,G04062,Palamel,,G041106,,,true
KL,Kerala,കേരളം,ALP,Alappuzha,ആലപ്പുഴ,4,B04042,Muthukulam,,B041200,G04066,Pathiyoor,,G041201,,,true
KL,Kerala,കേരളം,ALP,Alappuzha,ആലപ്പുഴ,4,B04042,Muthukulam,,B041200,G04067,Kandalloor,,G041202,,,true
KL,Kerala,കേരളം,ALP,Alappuzha,ആലപ്പുഴ,4,B04042,Muthukulam,,B041200,G04068,Cheppad,,G041203,,,true
KL,Kerala,കേരളം,ALP,Alappuzha,ആലപ്പുഴ,4,B04042,Muthukulam,,B041200,G04069,Muthukulam,,G041204,,,true
KL,Kerala,കേരളം,ALP,Alappuzha,ആലപ്പുഴ,4,B04042,Muthukulam,,B041200,G04070,Aarattupuzha,,G041205,,,true
KL,Kerala,കേരളം,ALP,Alappuzha,ആലപ്പുഴ,4,B04042,Muthukulam,,B041200,G04071,Krishnapuram,,G041206,,,true
KL,Kerala,കേരളം,ALP,Alappuzha,ആലപ്പുഴ,4,B04042,Muthukulam,,B041200,G04072,Devikulangara,,G041207,,,true
KL,Kerala,കേരളം,ALP,Alappuzha,ആലപ്പുഴ,4,B04042,Muthukulam,,B041200,G04073,Chingoli,,G041208,,,true
KL,Kerala,കേരളം,KTM,Kottayam,കോട്ടയം,5,B05043,Vaikom,,B050100,G05001,Thalayazham,,G050101,,,true
KL,Kerala,കേരളം,KTM,Kottayam,കോട്ടയം,5,B05043,Vaikom,,B050100,G05002,Chempu,,G050102,,,true
KL,Kerala,കേരളം,KTM,Kottayam,കോട്ടയം,5,B05043,Vaikom,,B050100,G05003,Maravanthuruthu,,G050103,,,true
KL,Kerala,കേരളം,KTM,Kottayam,കോട്ടയം,5,B05043,Vaikom,,B050100,G05004,T V Puram,,G050104,,,true
KL,Kerala,കേരളം,KTM,Kottayam,കോട്ടയം,5,B05043,Vaikom,,B050100,G05005,Vechoor,,G050105,,,true
KL,Kerala,കേരളം,KTM,Kottayam,കോട്ടയം,5,B05043,Vaikom,,B050100,G05006,Udayanapuram,,G050106,,,true
KL,Kerala,കേരളം,KTM,Kottayam,കോട്ടയം,5,B05044,Kaduthuruthy,,B050200,G05007,Kaduthuruthy,,G050201,,,true
KL,Kerala,കേരളം,KTM,Kottayam,കോട്ടയം,5,B05044,Kaduthuruthy,,B050200,G05008,Kallara,,G050202,,,true
KL,Kerala,കേരളം,KTM,Kottayam,കോട്ടയം,5,B05044,Kaduthuruthy,,B050200,G05009,Mulakkulam,,G050203,,,true
KL,Kerala,കേരളം,KTM,Kottayam,കോട്ടയം,5,B05044,Kaduthuruthy,,B050200,G05010,Njeezhoor,,G050204,,,true
KL,Kerala,കേരളം,KTM,Kottayam,കോട്ടയം,5,B05044,Kaduthuruthy,,B050200,G05011,Thalayolaparambu,,G050205,,,true
KL,Kerala,കേരളം,KTM,Kottayam,കോട്ടയം,5,B05044,Kaduthuruthy,,B050200,G05012,Velloor,,G050206,,,true
KL,Kerala,കേരളം,KTM,Kottayam,കോട്ടയം,5,B05045,Ettumanoor,,B050300,G05019,Aymanam,,G050302,,,true
KL,Kerala,കേരളം,KTM,Kottayam,കോട്ടയം,5,B05045,Ettumanoor,,B050300,G05017,Athirampuzha,,G050303,,,true
KL,Kerala,കേരളം,KTM,Kottayam,കോട്ടയം,5,B05045,Ettumanoor,,B050300,G05016,Arpookkara,,G050304,,,true
KL,Kerala,കേരളം,KTM,Kottayam,കോട്ടയം,5,B05045,Ettumanoor,,B050300,G05013,Neendoor,,G050305,,,true
KL,Kerala,കേരളം,KTM,Kottayam,കോട്ടയം,5,B05045,Ettumanoor,,B050300,G05014,Kumarakom,,G050306,,,true
KL,Kerala,കേരളം,KTM,Kottayam,കോട്ടയം,5,B05045,Ettumanoor,,B050300,G05015,Thiruvarppu,,G050307,,,true
KL,Kerala,കേരളം,KTM,Kottayam,കോട്ടയം,5,B05046,Uzhavoor,,B050400,G05020,Kadaplamattom,,G050401,,,true
KL,Kerala,കേരളം,KTM,Kottayam,കോട്ടയം,5,B05046,Uzhavoor,,B050400,G05021,Marangattupally,,G050402,,,true
KL,Kerala,കേരളം,KTM,Kottayam,കോട്ടയം,5,B05046,Uzhavoor,,B050400,G05022,Kanakkary,,G050403,,,true
KL,Kerala,കേരളം,KTM,Kottayam,കോട്ടയം,5,B05046,Uzhavoor,,B050400,G05023,Veliyannoor,,G050404,,,true
KL,Kerala,കേരളം,KTM,Kottayam,കോട്ടയം,5,B05046,Uzhavoor,,B050400,G05024,Kuravilangadu,,G050405,,,true
KL,Kerala,കേരളം,KTM,Kottayam,കോട്ടയം,5,B05046,Uzhavoor,,B050400,G05025,Uzhavoor,,G050406,,,true
KL,Kerala,കേരളം,KTM,Kottayam,കോട്ടയം,5,B05046,Uzhavoor,,B050400,G05026,Ramapuram,,G050407,,,true
KL,Kerala,കേരളം,KTM,Kottayam,കോട്ടയം,5,B05046,Uzhavoor,,B050400,G05027,Manjoor,,G050408,,,true
KL,Kerala,കേരളം,KTM,Kottayam,കോട്ടയം,5,B05047,Lalam,,B050500,G05028,Bharananganam,,G050501,,,true
KL,Kerala,കേരളം,KTM,Kottayam,കോട്ടയം,5,B05047,Lalam,,B050500,G05029,Karoor,,G050502,,,true
KL,Kerala,കേരളം,KTM,Kottayam,കോട്ടയം,5,B05047,Lalam,,B050500,G05030,Kozhuvanal,,G050503,,,true
KL,Kerala,കേരളം,KTM,Kottayam,കോട്ടയം,5,B05047,Lalam,,B050500,G05031,Kadanadu,,G050504,,,true
KL,Kerala,കേരളം,KTM,Kottayam,കോട്ടയം,5,B05047,Lalam,,B050500,G05032,Meenachil,,G050505,,,true
KL,Kerala,കേരളം,KTM,Kottayam,കോട്ടയം,5,B05047,Lalam,,B050500,G05033,Mutholy,,G050506,,,true
KL,Kerala,കേരളം,KTM,Kottayam,കോട്ടയം,5,B05048,Erattupetta,,B050600,G05034,Melukavu,,G050601,,,true
KL,Kerala,കേരളം,KTM,Kottayam,കോട്ടയം,5,B05048,Erattupetta,,B050600,G05035,Moonnilavu,,G050602,,,true
KL,Kerala,കേരളം,KTM,Kottayam,കോട്ടയം,5,B05048,Erattupetta,,B050600,G05036,Poonjar,,G050603,,,true
KL,Kerala,കേരളം,KTM,Kottayam,കോട്ടയം,5,B05048,Erattupetta,,B050600,G05037,Poonjar Thekkekkara,,G050605,,,true
KL,Kerala,കേരളം,KTM,Kottayam,കോട്ടയം,5,B05048,Erattupetta,,B050600,G05041,Thalappalam,,G050606,,,true
KL,Kerala,കേരളം,KTM,Kottayam,കോട്ടയം,5,B05048,Erattupetta,,B050600,G05039,Teekoy,,G050607,,,true
KL,Kerala,കേരളം,KTM,Kottayam,കോട്ടയം,5,B05048,Erattupetta,,B050600,G05040,Thalanadu,,G050608,,,true
KL,Kerala,കേരളം,KTM,Kottayam,കോട്ടയം,5,B05048,Erattupetta,,B050600,G05042,Thidanadu,,G050609,,,true
KL,Kerala,കേരളം,KTM,Kottayam,കോട്ടയം,5,B05049,Pampady,,B050700,G05043,Akalakkunnam,,G050701,,,true
KL,Kerala,കേരളം,KTM,Kottayam,കോട്ടയം,5,B05049,Pampady,,B050700,G05044,Elikkulam,,G050702,,,true
KL,Kerala,കേരളം,KTM,Kottayam,കോട്ടയം,5,B05049,Pampady,,B050700,G05045,Kooroppada,,G050703,,,true
KL,Kerala,കേരളം,KTM,Kottayam,കോട്ടയം,5,B05049,Pampady,,B050700,G05046,Pampady,,G050704,,,true
KL,Kerala,കേരളം,KTM,Kottayam,കോട്ടയം,5,B05049,Pampady,,B050700,G05047,Pallickathodu,,G050705,,,true
KL,Kerala,കേരളം,KTM,Kottayam,കോട്ടയം,5,B05049,Pampady,,B050700,G05050,Meenadom,,G050706,,,true
KL,Kerala,കേരളം,KTM,Kottayam,കോട്ടയം,5,B05049,Pampady,,B050700,G05049,Kidangoor,,G050707,,,true
KL,Kerala,കേരളം,KTM,Kottayam,കോട്ടയം,5,B05049,Pampady,,B050700,G05048,Manarcadu,,G050708,,,true
KL,Kerala,കേരളം,KTM,Kottayam,കോട്ടയം,5,B05053,Pallom,,B050800,G05073,Ayarkunnam,,G050801,,,true
KL,Kerala,കേരളം,KTM,Kottayam,കോട്ടയം,5,B05053,Pallom,,B050800,G05071,Puthuppally,,G050802,,,true
KL,Kerala,കേരളം,KTM,Kottayam,കോട്ടയം,5,B05053,Pallom,,B050800,G05070,Panachikadu,,G050803,,,true
KL,Kerala,കേരളം,KTM,Kottayam,കോട്ടയം,5,B05053,Pallom,,B050800,G05072,Vijayapuram,,G050804,,,true
KL,Kerala,കേരളം,KTM,Kottayam,കോട്ടയം,5,B05053,Pallom,,B050800,G05069,Kurichy,,G050805,,,true
KL,Kerala,കേരളം,KTM,Kottayam,കോട്ടയം,5,B05050,Madappally,,B050900,G05051,Madappally,,G050901,,,true
KL,Kerala,കേരളം,KTM,Kottayam,കോട്ടയം,5,B05050,Madappally,,B050900,G05052,Paippadu,,G050902,,,true
KL,Kerala,കേരളം,KTM,Kottayam,കോട്ടയം,5,B05050,Madappally,,B050900,G05053,Thrikkodithanam,,G050903,,,true
KL,Kerala,കേരളം,KTM,Kottayam,കോട്ടയം,5,B05050,Madappally,,B050900,G05054,Vakathanam,,G050904,,,true
KL,Kerala,കേരളം,KTM,Kottayam,കോട്ടയം,5,B05050,Madappally,,B050900,G05055,Vazhappally,,G050905,,,true
KL,Kerala,കേരളം,KTM,Kottayam,കോട്ടയം,5,B05051,Vazhoor,,B051000,G05056,Chirakkadavu,,G051001,,,true
KL,Kerala,കേരളം,KTM,Kottayam,കോട്ടയം,5,B05051,Vazhoor,,B051000,G05057,Kangazha,,G051002,,,true
KL,Kerala,കേരളം,KTM,Kottayam,കോട്ടയം,5,B05051,Vazhoor,,B051000,G05058,Nedumkunnam,,G051003,,,true
KL,Kerala,കേരളം,KTM,Kottayam,കോട്ടയം,5,B05051,Vazhoor,,B051000,G05059,Vellavoor,,G051004,,,true
KL,Kerala,കേരളം,KTM,Kottayam,കോട്ടയം,5,B05051,Vazhoor,,B051000,G05060,Vazhoor,,G051005,,,true
KL,Kerala,കേരളം,KTM,Kottayam,കോട്ടയം,5,B05051,Vazhoor,,B051000,G05061,Karukachal,,G051006,,,true
KL,Kerala,കേരളം,KTM,Kottayam,കോട്ടയം,5,B05052,Kanjirappally,,B051100,G05063,Erumely,,G051101,,,true
KL,Kerala,കേരളം,KTM,Kottayam,കോട്ടയം,5,B05052,Kanjirappally,,B051100,G05064,Kanjirappally,,G051102,,,true
KL,Kerala,കേരളം,KTM,Kottayam,കോട്ടയം,5,B05052,Kanjirappally,,B051100,G05065,Koottickal,,G051103,,,true
KL,Kerala,കേരളം,KTM,Kottayam,കോട്ടയം,5,B05052,Kanjirappally,,B051100,G05062,Manimala,,G051104,,,true
KL,Kerala,കേരളം,KTM,Kottayam,കോട്ടയം,5,B05052,Kanjirappally,,B051100,G05066,Mundakayam,,G051105,,,true
KL,Kerala,കേരളം,KTM,Kottayam,കോട്ടയം,5,B05052,Kanjirappally,,B051100,G05068,Parathodu,,G051106,,,true
KL,Kerala,കേരളം,KTM,Kottayam,കോട്ടയം,5,B05052,Kanjirappally,,B051100,G05067,Koruthode,,G051107,,,true
KL,Kerala,കേരളം,IDK,Idukki,ഇടുക്കി,6,B06054,Adimali,,B060100,G06001,Adimali,,G060101,,,true
KL,Kerala,കേരളം,IDK,Idukki,ഇടുക്കി,6,B06054,Adimali,,B060100,G06002,Konnathady,,G060102,,,true
KL,Kerala,കേരളം,IDK,Idukki,ഇടുക്കി,6,B06054,Adimali,,B060100,G06003,Baisonvalley,,G060103,,,true
KL,Kerala,കേരളം,IDK,Idukki,ഇടുക്കി,6,B06054,Adimali,,B060100,G06004,Vellathooval,,G060104,,,true
KL,Kerala,കേരളം,IDK,Idukki,ഇടുക്കി,6,B06054,Adimali,,B060100,G06005,Pallivasal,,G060105,,,true
KL,Kerala,കേരളം,IDK,Idukki,ഇടുക്കി,6,B06055,Devikulam,,B060200,G06006,Marayoor,,G060201,,,true
KL,Kerala,കേരളം,IDK,Idukki,ഇടുക്കി,6,B06055,Devikulam,,B060200,G06007,Munnar,,G060202,,,true
KL,Kerala,കേരളം,IDK,Idukki,ഇടുക്കി,6,B06055,Devikulam,,B060200,G06008,Kanthalloor,,G060203,,,true
KL,Kerala,കേരളം,IDK,Idukki,ഇടുക്കി,6,B06055,Devikulam,,B060200,G06009,Vattavada,,G060204,,,true
KL,Kerala,കേരളം,IDK,Idukki,ഇടുക്കി,6,B06055,Devikulam,,B060200,G06010,Santhanpara,,G060205,,,true
KL,Kerala,കേരളം,IDK,Idukki,ഇടുക്കി,6,B06055,Devikulam,,B060200,G06011,Chinnakanal,,G060206,,,true
KL,Kerala,കേരളം,IDK,Idukki,ഇടുക്കി,6,B06055,Devikulam,,B060200,G06012,Mankulam,,G060207,,,true
KL,Kerala,കേരളം,IDK,Idukki,ഇടുക്കി,6,B06055,Devikulam,,B060200,G06013,Devikulam,,G060208,,,true
KL,Kerala,കേരളം,IDK,Idukki,ഇടുക്കി,6,B06055,Devikulam,,B060200,G06014,Edamalakudy,,G060209,,,true
KL,Kerala,കേരളം,IDK,Idukki,ഇടുക്കി,6,B06056,Nedumkandom,,B060300,G06015,Pampadumpara,,G060301,,,true
KL,Kerala,കേരളം,IDK,Idukki,ഇടുക്കി,6,B06056,Nedumkandom,,B060300,G06016,Senapathy,,G060302,,,true
KL,Kerala,കേരളം,IDK,Idukki,ഇടുക്കി,6,B06056,Nedumkandom,,B060300,G06017,Karunapuram,,G060303,,,true
KL,Kerala,കേരളം,IDK,Idukki,ഇടുക്കി,6,B06056,Nedumkandom,,B060300,G06018,Rajakkad,,G060304,,,true
KL,Kerala,കേരളം,IDK,Idukki,ഇടുക്കി,6,B06056,Nedumkandom,,B060300,G06019,Nedumkandom,,G060305,,,true
KL,Kerala,കേരളം,IDK,Idukki,ഇടുക്കി,6,B06056,Nedumkandom,,B060300,G06020,Udumbanchola,,G060306,,,true
KL,Kerala,കേരളം,IDK,Idukki,ഇടുക്കി,6,B06056,Nedumkandom,,B060300,G06021,Rajakumary,,G060307,,,true
KL,Kerala,കേരളം,IDK,Idukki,ഇടുക്കി,6,B06057,Elamdesom,,B060400,G06022,Vannappuram,,G060401,,,true
KL,Kerala,കേരളം,IDK,Idukki,ഇടുക്കി,6,B06057,Elamdesom,,B060400,G06023,Udumbannoor,,G060402,,,true
KL,Kerala,കേരളം,IDK,Idukki,ഇടുക്കി,6,B06057,Elamdesom,,B060400,G06024,Kodikulam,,G060403,,,true
KL,Kerala,കേരളം,IDK,Idukki,ഇടുക്കി,6,B06057,Elamdesom,,B060400,G06025,Alakode,,G060404,,,true
KL,Kerala,കേരളം,IDK,Idukki,ഇടുക്കി,6,B06057,Elamdesom,,B060400,G06026,Velliyamattom,,G060405,,,true
KL,Kerala,കേരളം,IDK,Idukki,ഇടുക്കി,6,B06057,Elamdesom,,B060400,G06027,Karimannoor,,G060406,,,true
KL,Kerala,കേരളം,IDK,Idukki,ഇടുക്കി,6,B06057,Elamdesom,,B060400,G06028,Kudayathoor,,G060407,,,true
KL,Kerala,കേരളം,IDK,Idukki,ഇടുക്കി,6,B06058,Idukki,,B060500,G06029,Idukki-Kanjikuzhy,,G060501,,,true
KL,Kerala,കേരളം,IDK,Idukki,ഇടുക്കി,6,B06058,Idukki,,B060500,G06030,Vathikudy,,G060502,,,true
KL,Kerala,കേരളം,IDK,Idukki,ഇടുക്കി,6,B06058,Idukki,,B060500,G06031,Arakulam,,G060503,,,true
KL,Kerala,കേരളം,IDK,Idukki,ഇടുക്കി,6,B06058,Idukki,,B060500,G06032,Kamakshy,,G060504,,,true
KL,Kerala,കേരളം,IDK,Idukki,ഇടുക്കി,6,B06058,Idukki,,B060500,G06033,Vazhathope,,G060505,,,true
KL,Kerala,കേരളം,IDK,Idukki,ഇടുക്കി,6,B06058,Idukki,,B060500,G06034,Mariyapuram,,G060506,,,true
KL,Kerala,കേരളം,IDK,Idukki,ഇടുക്കി,6,B06059,Kattappana,,B060600,G06036,Upputhara,,G060602,,,true
KL,Kerala,കേരളം,IDK,Idukki,ഇടുക്കി,6,B06059,Kattappana,,B060600,G06037,Vandanmedu,,G060603,,,true
KL,Kerala,കേരളം,IDK,Idukki,ഇടുക്കി,6,B06059,Kattappana,,B060600,G06038,Kanchiyar,,G060604,,,true
KL,Kerala,കേരളം,IDK,Idukki,ഇടുക്കി,6,B06059,Kattappana,,B060600,G06039,Erattayar,,G060605,,,true
KL,Kerala,കേരളം,IDK,Idukki,ഇടുക്കി,6,B06059,Kattappana,,B060600,G06040,Ayyappancoil,,G060606,,,true
KL,Kerala,കേരളം,IDK,Idukki,ഇടുക്കി,6,B06059,Kattappana,,B060600,G06041,Chakkupallam,,G060607,,,true
KL,Kerala,കേരളം,IDK,Idukki,ഇടുക്കി,6,B06060,Thodupuzha,,B060700,G06043,Muttom,,G060701,,,true
KL,Kerala,കേരളം,IDK,Idukki,ഇടുക്കി,6,B06060,Thodupuzha,,B060700,G06042,Kumaramangalam,,G060702,,,true
KL,Kerala,കേരളം,IDK,Idukki,ഇടുക്കി,6,B06060,Thodupuzha,,B060700,G06044,Edavetty,,G060703,,,true
KL,Kerala,കേരളം,IDK,Idukki,ഇടുക്കി,6,B06060,Thodupuzha,,B060700,G06045,Karimkunnam,,G060704,,,true
KL,Kerala,കേരളം,IDK,Idukki,ഇടുക്കി,6,B06060,Thodupuzha,,B060700,G06046,Manakkad,,G060705,,,true
KL,Kerala,കേരളം,IDK,Idukki,ഇടുക്കി,6,B06060,Thodupuzha,,B060700,G06047,Purapuzha,,G060706,,,true
KL,Kerala,കേരളം,IDK,Idukki,ഇടുക്കി,6,B06061,Azhutha,,B060800,G06048,Peruvanthanam,,G060801,,,true
KL,Kerala,കേരളം,IDK,Idukki,ഇടുക്കി,6,B06061,Azhutha,,B060800,G06049,Kumily,,G060802,,,true
KL,Kerala,കേരളം,IDK,Idukki,ഇടുക്കി,6,B06061,Azhutha,,B060800,G06050,Kokkayar,,G060803,,,true
KL,Kerala,കേരളം,IDK,Idukki,ഇടുക്കി,6,B06061,Azhutha,,B060800,G06051,Peermade,,G060804,,,true
KL,Kerala,കേരളം,IDK,Idukki,ഇടുക്കി,6,B06061,Azhutha,,B060800,G06052,Elappara,,G060805,,,true
KL,Kerala,കേരളം,IDK,Idukki,ഇടുക്കി,6,B06061,Azhutha,,B060800,G06053,Vandiperiyar,,G060806,,,true
KL,Kerala,കേരളം,EKM,Ernakulam,എറണാകുളം,7,B07062,Paravur,,B070100,G07001,Chendamangalam,,G070101,,,true
KL,Kerala,കേരളം,EKM,Ernakulam,എറണാകുളം,7,B07062,Paravur,,B070100,G07002,Kottuvally,,G070102,,,true
KL,Kerala,കേരളം,EKM,Ernakulam,എറണാകുളം,7,B07062,Paravur,,B070100,G07003,Ezhikkara,,G070103,,,true
KL,Kerala,കേരളം,EKM,Ernakulam,എറണാകുളം,7,B07062,Paravur,,B070100,G07004,Vadakkekara,,G070104,,,true
KL,Kerala,കേരളം,EKM,Ernakulam,എറണാകുളം,7,B07062,Paravur,,B070100,G07005,Chittattukara,,G070105,,,true
KL,Kerala,കേരളം,EKM,Ernakulam,എറണാകുളം,7,B07063,Alangad,,B070200,G07006,Karumalloor,,G070201,,,true
KL,Kerala,കേരളം,EKM,Ernakulam,എറണാകുളം,7,B07063,Alangad,,B070200,G07007,Varapuzha,,G070202,,,true
KL,Kerala,കേരളം,EKM,Ernakulam,എറണാകുളം,7,B07063,Alangad,,B070200,G07008,Alangad,,G070203,,,true
KL,Kerala,കേരളം,EKM,Ernakulam,എറണാകുളം,7,B07063,Alangad,,B070200,G07009,Kadungalloor,,G070204,,,true
KL,Kerala,കേരളം,EKM,Ernakulam,എറണാകുളം,7,B07064,Angamali,,B070300,G07010,Mookkanoor,,G070301,,,true
KL,Kerala,കേരളം,EKM,Ernakulam,എറണാകുളം,7,B07064,Angamali,,B070300,G07011,Thuravoor,,G070302,,,true
KL,Kerala,കേരളം,EKM,Ernakulam,എറണാകുളം,7,B07064,Angamali,,B070300,G07012,Manjapra,,G070303,,,true
KL,Kerala,കേരളം,EKM,Ernakulam,എറണാകുളം,7,B07064,Angamali,,B070300,G07013,Karukutty,,G070304,,,true
KL,Kerala,കേരളം,EKM,Ernakulam,എറണാകുളം,7,B07064,Angamali,,B070300,G07014,Ayyampuzha,,G070305,,,true
KL,Kerala,കേരളം,EKM,Ernakulam,എറണാകുളം,7,B07064,Angamali,,B070300,G07015,Kanjoor,,G070306,,,true
KL,Kerala,കേരളം,EKM,Ernakulam,എറണാകുളം,7,B07064,Angamali,,B070300,G07016,Kalady,,G070307,,,true
KL,Kerala,കേരളം,EKM,Ernakulam,എറണാകുളം,7,B07064,Angamali,,B070300,G07017,Malayattoor- Neeleeswaram,,G070308,,,true
KL,Kerala,കേരളം,EKM,Ernakulam,എറണാകുളം,7,B07065,Koovapady,,B070400,G07018,Asamannur,,G070401,,,true
KL,Kerala,കേരളം,EKM,Ernakulam,എറണാകുളം,7,B07065,Koovapady,,B070400,G07019,Mudakkuzha,,G070402,,,true
KL,Kerala,കേരളം,EKM,Ernakulam,എറണാകുളം,7,B07065,Koovapady,,B070400,G07020,Vengoor,,G070403,,,true
KL,Kerala,കേരളം,EKM,Ernakulam,എറണാകുളം,7,B07065,Koovapady,,B070400,G07021,Rayamangalam,,G070404,,,true
KL,Kerala,കേരളം,EKM,Ernakulam,എറണാകുളം,7,B07065,Koovapady,,B070400,G07022,Koovappady,,G070405,,,true
KL,Kerala,കേരളം,EKM,Ernakulam,എറണാകുളം,7,B07065,Koovapady,,B070400,G07023,Okkal,,G070406,,,true
KL,Kerala,കേരളം,EKM,Ernakulam,എറണാകുളം,7,B07066,Vazhakulam,,B070500,G07024,Vengola,,G070501,,,true
KL,Kerala,കേരളം,EKM,Ernakulam,എറണാകുളം,7,B07066,Vazhakulam,,B070500,G07025,Vazhakkulam,,G070502,,,true
KL,Kerala,കേരളം,EKM,Ernakulam,എറണാകുളം,7,B07066,Vazhakulam,,B070500,G07026,Kizhakkambalam,,G070503,,,true
KL,Kerala,കേരളം,EKM,Ernakulam,എറണാകുളം,7,B07066,Vazhakulam,,B070500,G07027,Choornikkara,,G070504,,,true
KL,Kerala,കേരളം,EKM,Ernakulam,എറണാകുളം,7,B07066,Vazhakulam,,B070500,G07028,Edathala,,G070505,,,true
KL,Kerala,കേരളം,EKM,Ernakulam,എറണാകുളം,7,B07066,Vazhakulam,,B070500,G07029,Keezhmadu,,G070506,,,true
KL,Kerala,കേരളം,EKM,Ernakulam,എറണാകുളം,7,B07067,Edappally,,B070600,G07030,Kadamakkudy,,G070601,,,true
KL,Kerala,കേരളം,EKM,Ernakulam,എറണാകുളം,7,B07067,Edappally,,B070600,G07031,Cheranallur,,G070602,,,true
KL,Kerala,കേരളം,EKM,Ernakulam,എറണാകുളം,7,B07067,Edappally,,B070600,G07032,Mulavukadu,,G070603,,,true
KL,Kerala,കേരളം,EKM,Ernakulam,എറണാകുളം,7,B07067,Edappally,,B070600,G07033,Elamkunnapuzha,,G070604,,,true
KL,Kerala,കേരളം,EKM,Ernakulam,എറണാകുളം,7,B07068,Vypin,,B070700,G07034,Njarakkal,,G070701,,,true
KL,Kerala,കേരളം,EKM,Ernakulam,എറണാകുളം,7,B07068,Vypin,,B070700,G07035,Nayarambalam,,G070702,,,true
KL,Kerala,കേരളം,EKM,Ernakulam,എറണാകുളം,7,B07068,Vypin,,B070700,G07036,Edavanakad,,G070703,,,true
KL,Kerala,കേരളം,EKM,Ernakulam,എറണാകുളം,7,B07068,Vypin,,B070700,G07037,Pallippuram,,G070704,,,true
KL,Kerala,കേരളം,EKM,Ernakulam,എറണാകുളം,7,B07068,Vypin,,B070700,G07038,Kuzhuppilly,,G070705,,,true
KL,Kerala,കേരളം,EKM,Ernakulam,എറണാകുളം,7,B07069,Palluruthy,,B070800,G07039,Chellanam,,G070801,,,true
KL,Kerala,കേരളം,EKM,Ernakulam,എറണാകുളം,7,B07069,Palluruthy,,B070800,G07040,Kumbalanghy,,G070802,,,true
KL,Kerala,കേരളം,EKM,Ernakulam,എറണാകുളം,7,B07069,Palluruthy,,B070800,G07041,Kumbalam,,G070803,,,true
KL,Kerala,കേരളം,EKM,Ernakulam,എറണാകുളം,7,B07070,Mulanthuruthy,,B070900,G07042,Udayamperoor,,G070901,,,true
KL,Kerala,കേരളം,EKM,Ernakulam,എറണാകുളം,7,B07070,Mulanthuruthy,,B070900,G07043,Mulamthuruthy,,G070902,,,true
KL,Kerala,കേരളം,EKM,Ernakulam,എറണാകുളം,7,B07070,Mulanthuruthy,,B070900,G07044,Chottanikara,,G070903,,,true
KL,Kerala,കേരളം,EKM,Ernakulam,എറണാകുളം,7,B07070,Mulanthuruthy,,B070900,G07045,Edakkattuvayal,,G070904,,,true
KL,Kerala,കേരളം,EKM,Ernakulam,എറണാകുളം,7,B07070,Mulanthuruthy,,B070900,G07046,Amballur,,G070905,,,true
KL,Kerala,കേരളം,EKM,Ernakulam,എറണാകുളം,7,B07070,Mulanthuruthy,,B070900,G07047,Maneedu,,G070906,,,true
KL,Kerala,കേരളം,EKM,Ernakulam,എറണാകുളം,7,B07071,Vadavukode,,B071000,G07048,Poothrikka,,G071001,,,true
KL,Kerala,കേരളം,EKM,Ernakulam,എറണാകുളം,7,B07071,Vadavukode,,B071000,G07049,Thiruvaniyoor,,G071002,,,true
KL,Kerala,കേരളം,EKM,Ernakulam,എറണാകുളം,7,B07071,Vadavukode,,B071000,G07050,Vadavucode-Puthencruz,,G071003,,,true
KL,Kerala,കേരളം,EKM,Ernakulam,എറണാകുളം,7,B07071,Vadavukode,,B071000,G07051,Mazhuvannur,,G071004,,,true
KL,Kerala,കേരളം,EKM,Ernakulam,എറണാകുളം,7,B07071,Vadavukode,,B071000,G07052,Aikkaranadu,,G071005,,,true
KL,Kerala,കേരളം,EKM,Ernakulam,എറണാകുളം,7,B07071,Vadavukode,,B071000,G07053,Kunnathunad,,G071006,,,true
KL,Kerala,കേരളം,EKM,Ernakulam,എറണാകുളം,7,B07072,Kothamangalam,,B071100,G07054,Paingottoor,,G071101,,,true
KL,Kerala,കേരളം,EKM,Ernakulam,എറണാകുളം,7,B07072,Kothamangalam,,B071100,G07055,Nellikuzhy,,G071102,,,true
KL,Kerala,കേരളം,EKM,Ernakulam,എറണാകുളം,7,B07072,Kothamangalam,,B071100,G07056,Pindimana,,G071103,,,true
KL,Kerala,കേരളം,EKM,Ernakulam,എറണാകുളം,7,B07072,Kothamangalam,,B071100,G07063,Kottapady,,G071104,,,true
KL,Kerala,കേരളം,EKM,Ernakulam,എറണാകുളം,7,B07072,Kothamangalam,,B071100,G07057,Kavalangad,,G071105,,,true
KL,Kerala,കേരളം,EKM,Ernakulam,എറണാകുളം,7,B07072,Kothamangalam,,B071100,G07058,Varapetty,,G071106,,,true
KL,Kerala,കേരളം,EKM,Ernakulam,എറണാകുളം,7,B07072,Kothamangalam,,B071100,G07059,Keerampara,,G071107,,,true
KL,Kerala,കേരളം,EKM,Ernakulam,എറണാകുളം,7,B07072,Kothamangalam,,B071100,G07060,Pothanikkad,,G071108,,,true
KL,Kerala,കേരളം,EKM,Ernakulam,എറണാകുളം,7,B07072,Kothamangalam,,B071100,G07061,Pallarimangalam,,G071109,,,true
KL,Kerala,കേരളം,EKM,Ernakulam,എറണാകുളം,7,B07072,Kothamangalam,,B071100,G07062,Kuttampuzha,,G071110,,,true
KL,Kerala,കേരളം,EKM,Ernakulam,എറണാകുളം,7,B07073,Pambakkuda,,B071200,G07064,Elanji,,G071201,,,true
KL,Kerala,കേരളം,EKM,Ernakulam,എറണാകുളം,7,B07073,Pambakkuda,,B071200,G07066,Thirumaradi,,G071204,,,true
KL,Kerala,കേരളം,EKM,Ernakulam,എറണാകുളം,7,B07073,Pambakkuda,,B071200,G07068,Palakuzha,,G071205,,,true
KL,Kerala,കേരളം,EKM,Ernakulam,എറണാകുളം,7,B07073,Pambakkuda,,B071200,G07069,Pampakuda,,G071206,,,true
KL,Kerala,കേരളം,EKM,Ernakulam,എറണാകുളം,7,B07073,Pambakkuda,,B071200,G07070,Ramamangalam,,G071207,,,true
KL,Kerala,കേരളം,EKM,Ernakulam,എറണാകുളം,7,B07074,Parakkadavu,,B071300,G07076,Puthenvelikara,,G071301,,,true
KL,Kerala,കേരളം,EKM,Ernakulam,എറണാകുളം,7,B07074,Parakkadavu,,B071300,G07071,Chengamanadu,,G071302,,,true
KL,Kerala,കേരളം,EKM,Ernakulam,എറണാകുളം,7,B07074,Parakkadavu,,B071300,G07072,Nedumbassery,,G071303,,,true
KL,Kerala,കേരളം,EKM,Ernakulam,എറണാകുളം,7,B07074,Parakkadavu,,B071300,G07073,Parakkadavu,,G071304,,,true
KL,Kerala,കേരളം,EKM,Ernakulam,എറണാകുളം,7,B07074,Parakkadavu,,B071300,G07074,Kunnukara,,G071305,,,true
KL,Kerala,കേരളം,EKM,Ernakulam,എറണാകുളം,7,B07074,Parakkadavu,,B071300,G07075,Sreemoolanagaram,,G071306,,,true
KL,Kerala,കേരളം,EKM,Ernakulam,എറണാകുളം,7,B07075,Muvattupuzha,,B071400,G07077,Avoly,,G071401,,,true
KL,Kerala,കേരളം,EKM,Ernakulam,എറണാകുളം,7,B07075,Muvattupuzha,,B071400,G07078,Arakkuzha,,G071402,,,true
KL,Kerala,കേരളം,EKM,Ernakulam,എറണാകുളം,7,B07075,Muvattupuzha,,B071400,G07084,Valakom,,G071403,,,true
KL,Kerala,കേരളം,EKM,Ernakulam,എറണാകുളം,7,B07075,Muvattupuzha,,B071400,G07079,Paipra,,G071404,,,true
KL,Kerala,കേരളം,EKM,Ernakulam,എറണാകുളം,7,B07075,Muvattupuzha,,B071400,G07080,Kalloorkad,,G071405,,,true
KL,Kerala,കേരളം,EKM,Ernakulam,എറണാകുളം,7,B07075,Muvattupuzha,,B071400,G07081,Ayavana,,G071406,,,true
KL,Kerala,കേരളം,EKM,Ernakulam,എറണാകുളം,7,B07075,Muvattupuzha,,B071400,G07082,Manjallur,,G071407,,,true
KL,Kerala,കേരളം,EKM,Ernakulam,എറണാകുളം,7,B07075,Muvattupuzha,,B071400,G07083,Marady,,G071408,,,true
KL,Kerala,കേരളം,TSR,Thrissur,തൃശ്ശൂർ,8,B08076,Chavakkad,,B080100,G08001,Kadappuram,,G080101,,,true
KL,Kerala,കേരളം,TSR,Thrissur,തൃശ്ശൂർ,8,B08076,Chavakkad,,B080100,G08002,Orumanayoor,,G080102,,,true
KL,Kerala,കേരളം,TSR,Thrissur,തൃശ്ശൂർ,8,B08076,Chavakkad,,B080100,G08003,Punnayoor,,G080103,,,true
KL,Kerala,കേരളം,TSR,Thrissur,തൃശ്ശൂർ,8,B08076,Chavakkad,,B080100,G08004,Punnayoorkulam,,G080104,,,true
KL,Kerala,കേരളം,TSR,Thrissur,തൃശ്ശൂർ,8,B08076,Chavakkad,,B080100,G08005,Vadakkekkad,,G080105,,,true
KL,Kerala,കേരളം,TSR,Thrissur,തൃശ്ശൂർ,8,B08077,Chowannur,,B080200,G08006,Choondal,,G080201,,,true
KL,Kerala,കേരളം,TSR,Thrissur,തൃശ്ശൂർ,8,B08077,Chowannur,,B080200,G08007,Chowannur,,G080202,,,true
KL,Kerala,കേരളം,TSR,Thrissur,തൃശ്ശൂർ,8,B08077,Chowannur,,B080200,G08008,Kadavalloor,,G080203,,,true
KL,Kerala,കേരളം,TSR,Thrissur,തൃശ്ശൂർ,8,B08077,Chowannur,,B080200,G08009,Kandanassery,,G080204,,,true
KL,Kerala,കേരളം,TSR,Thrissur,തൃശ്ശൂർ,8,B08077,Chowannur,,B080200,G08010,Kattakampal,,G080205,,,true
KL,Kerala,കേരളം,TSR,Thrissur,തൃശ്ശൂർ,8,B08077,Chowannur,,B080200,G08011,Porkulam,,G080206,,,true
KL,Kerala,കേരളം,TSR,Thrissur,തൃശ്ശൂർ,8,B08077,Chowannur,,B080200,G08012,Kadangode,,G080207,,,true
KL,Kerala,കേരളം,TSR,Thrissur,തൃശ്ശൂർ,8,B08077,Chowannur,,B080200,G08013,Velur,,G080208,,,true
KL,Kerala,കേരളം,TSR,Thrissur,തൃശ്ശൂർ,8,B08078,Wadakkanchery,,B080300,G08014,Desamangalam,,G080301,,,true
KL,Kerala,കേരളം,TSR,Thrissur,തൃശ്ശൂർ,8,B08078,Wadakkanchery,,B080300,G08015,Erumapetty,,G080302,,,true
KL,Kerala,കേരളം,TSR,Thrissur,തൃശ്ശൂർ,8,B08078,Wadakkanchery,,B080300,G08017,Mullurkkara,,G080304,,,true
KL,Kerala,കേരളം,TSR,Thrissur,തൃശ്ശൂർ,8,B08078,Wadakkanchery,,B080300,G08018,Thekkumkara,,G080305,,,true
KL,Kerala,കേരളം,TSR,Thrissur,തൃശ്ശൂർ,8,B08078,Wadakkanchery,,B080300,G08019,Varavoor,,G080306,,,true
KL,Kerala,കേരളം,TSR,Thrissur,തൃശ്ശൂർ,8,B08079,Pazhayannur,,B080400,G08021,Chelakkara,,G080401,,,true
KL,Kerala,കേരളം,TSR,Thrissur,തൃശ്ശൂർ,8,B08079,Pazhayannur,,B080400,G08022,Vallathole Nagar,,G080402,,,true
KL,Kerala,കേരളം,TSR,Thrissur,തൃശ്ശൂർ,8,B08079,Pazhayannur,,B080400,G08023,Kondazhy,,G080403,,,true
KL,Kerala,കേരളം,TSR,Thrissur,തൃശ്ശൂർ,8,B08079,Pazhayannur,,B080400,G08024,Panjal,,G080404,,,true
KL,Kerala,കേരളം,TSR,Thrissur,തൃശ്ശൂർ,8,B08079,Pazhayannur,,B080400,G08025,Pazhayannur,,G080405,,,true
KL,Kerala,കേരളം,TSR,Thrissur,തൃശ്ശൂർ,8,B08079,Pazhayannur,,B080400,G08026,Thiruvilwamala,,G080406,,,true
KL,Kerala,കേരളം,TSR,Thrissur,തൃശ്ശൂർ,8,B08080,Ollukkara,,B080500,G08027,Madakkathara,,G080501,,,true
KL,Kerala,കേരളം,TSR,Thrissur,തൃശ്ശൂർ,8,B08080,Ollukkara,,B080500,G08028,Nadathara,,G080502,,,true
KL,Kerala,കേരളം,TSR,Thrissur,തൃശ്ശൂർ,8,B08080,Ollukkara,,B080500,G08029,Pananchery,,G080503,,,true
KL,Kerala,കേരളം,TSR,Thrissur,തൃശ്ശൂർ,8,B08080,Ollukkara,,B080500,G08030,Puthur,,G080504,,,true
KL,Kerala,കേരളം,TSR,Thrissur,തൃശ്ശൂർ,8,B08081,Puzhakkal,,B080600,G08031,Adat,,G080601,,,true
KL,Kerala,കേരളം,TSR,Thrissur,തൃശ്ശൂർ,8,B08081,Puzhakkal,,B080600,G08032,Avanur,,G080602,,,true
KL,Kerala,കേരളം,TSR,Thrissur,തൃശ്ശൂർ,8,B08081,Puzhakkal,,B080600,G08033,Kaiparambu,,G080603,,,true
KL,Kerala,കേരളം,TSR,Thrissur,തൃശ്ശൂർ,8,B08081,Puzhakkal,,B080600,G08034,Mulamkunnathukavu,,G080604,,,true
KL,Kerala,കേരളം,TSR,Thrissur,തൃശ്ശൂർ,8,B08081,Puzhakkal,,B080600,G08035,Tholur,,G080605,,,true
KL,Kerala,കേരളം,TSR,Thrissur,തൃശ്ശൂർ,8,B08081,Puzhakkal,,B080600,G08036,Kolazhy,,G080606,,,true
KL,Kerala,കേരളം,TSR,Thrissur,തൃശ്ശൂർ,8,B08082,Mullassery,,B080700,G08037,Elavally,,G080701,,,true
KL,Kerala,കേരളം,TSR,Thrissur,തൃശ്ശൂർ,8,B08082,Mullassery,,B080700,G08038,Mullassery,,G080702,,,true
KL,Kerala,കേരളം,TSR,Thrissur,തൃശ്ശൂർ,8,B08082,Mullassery,,B080700,G08039,Pavaratty,,G080703,,,true
KL,Kerala,കേരളം,TSR,Thrissur,തൃശ്ശൂർ,8,B08082,Mullassery,,B080700,G08040,Venkitangu,,G080704,,,true
KL,Kerala,കേരളം,TSR,Thrissur,തൃശ്ശൂർ,8,B08083,Thalikulam,,B080800,G08041,Engandiyoor,,G080801,,,true
KL,Kerala,കേരളം,TSR,Thrissur,തൃശ്ശൂർ,8,B08083,Thalikulam,,B080800,G08042,Vadanappilly,,G080802,,,true
KL,Kerala,കേരളം,TSR,Thrissur,തൃശ്ശൂർ,8,B08083,Thalikulam,,B080800,G08043,Thalikulam,,G080803,,,true
KL,Kerala,കേരളം,TSR,Thrissur,തൃശ്ശൂർ,8,B08083,Thalikulam,,B080800,G08044,Nattika,,G080804,,,true
KL,Kerala,കേരളം,TSR,Thrissur,തൃശ്ശൂർ,8,B08083,Thalikulam,,B080800,G08045,Valappad,,G080805,,,true
KL,Kerala,കേരളം,TSR,Thrissur,തൃശ്ശൂർ,8,B08085,Anthikkad,,B080900,G08053,Anthikkad,,G080901,,,true
KL,Kerala,കേരളം,TSR,Thrissur,തൃശ്ശൂർ,8,B08085,Anthikkad,,B080900,G08054,Thanniam,,G080902,,,true
KL,Kerala,കേരളം,TSR,Thrissur,തൃശ്ശൂർ,8,B08085,Anthikkad,,B080900,G08055,Chazhur,,G080903,,,true
KL,Kerala,കേരളം,TSR,Thrissur,തൃശ്ശൂർ,8,B08085,Anthikkad,,B080900,G08056,Manalur,,G080904,,,true
KL,Kerala,കേരളം,TSR,Thrissur,തൃശ്ശൂർ,8,B08085,Anthikkad,,B080900,G08057,Arimbur,,G080905,,,true
KL,Kerala,കേരളം,TSR,Thrissur,തൃശ്ശൂർ,8,B08086,Cherpu,,B081000,G08058,Avinissery,,G081001,,,true
KL,Kerala,കേരളം,TSR,Thrissur,തൃശ്ശൂർ,8,B08086,Cherpu,,B081000,G08059,Cherpu,,G081002,,,true
KL,Kerala,കേരളം,TSR,Thrissur,തൃശ്ശൂർ,8,B08086,Cherpu,,B081000,G08060,Paralam,,G081003,,,true
KL,Kerala,കേരളം,TSR,Thrissur,തൃശ്ശൂർ,8,B08086,Cherpu,,B081000,G08061,Vallachira,,G081004,,,true
KL,Kerala,കേരളം,TSR,Thrissur,തൃശ്ശൂർ,8,B08087,Kodakara,,B081100,G08062,Alagappanagar,,G081101,,,true
KL,Kerala,കേരളം,TSR,Thrissur,തൃശ്ശൂർ,8,B08087,Kodakara,,B081100,G08063,Kodakara,,G081102,,,true
KL,Kerala,കേരളം,TSR,Thrissur,തൃശ്ശൂർ,8,B08087,Kodakara,,B081100,G08064,Mattathur,,G081103,,,true
KL,Kerala,കേരളം,TSR,Thrissur,തൃശ്ശൂർ,8,B08087,Kodakara,,B081100,G08065,Nenmanikkara,,G081104,,,true
KL,Kerala,കേരളം,TSR,Thrissur,തൃശ്ശൂർ,8,B08087,Kodakara,,B081100,G08066,Pudukkad,,G081105,,,true
KL,Kerala,കേരളം,TSR,Thrissur,തൃശ്ശൂർ,8,B08087,Kodakara,,B081100,G08067,Thrikkur,,G081106,,,true
KL,Kerala,കേരളം,TSR,Thrissur,തൃശ്ശൂർ,8,B08087,Kodakara,,B081100,G08068,Varantharappilly,,G081107,,,true
KL,Kerala,കേരളം,TSR,Thrissur,തൃശ്ശൂർ,8,B08088,Irinjalakuda,,B081200,G08069,Karalam,,G081201,,,true
KL,Kerala,കേരളം,TSR,Thrissur,തൃശ്ശൂർ,8,B08088,Irinjalakuda,,B081200,G08070,Kattoor,,G081202,,,true
KL,Kerala,കേരളം,TSR,Thrissur,തൃശ്ശൂർ,8,B08088,Irinjalakuda,,B081200,G08071,Muriyad,,G081203,,,true
KL,Kerala,കേരളം,TSR,Thrissur,തൃശ്ശൂർ,8,B08088,Irinjalakuda,,B081200,G08072,Parappookkara,,G081204,,,true
KL,Kerala,കേരളം,TSR,Thrissur,തൃശ്ശൂർ,8,B08089,Vellangallur,,B081300,G08073,Padiyoor,,G081301,,,true
KL,Kerala,കേരളം,TSR,Thrissur,തൃശ്ശൂർ,8,B08089,Vellangallur,,B081300,G08074,Poomangalam,,G081302,,,true
KL,Kerala,കേരളം,TSR,Thrissur,തൃശ്ശൂർ,8,B08089,Vellangallur,,B081300,G08075,Puthenchira,,G081303,,,true
KL,Kerala,കേരളം,TSR,Thrissur,തൃശ്ശൂർ,8,B08089,Vellangallur,,B081300,G08076,Vellangalur,,G081304,,,true
KL,Kerala,കേരളം,TSR,Thrissur,തൃശ്ശൂർ,8,B08089,Vellangallur,,B081300,G08077,Velookkara,,G081305,,,true
KL,Kerala,കേരളം,TSR,Thrissur,തൃശ്ശൂർ,8,B08084,Mathilakam,,B081400,G08046,Edathiruthy,,G081401,,,true
KL,Kerala,കേരളം,TSR,Thrissur,തൃശ്ശൂർ,8,B08084,Mathilakam,,B081400,G08047,Kaipamangalam,,G081402,,,true
KL,Kerala,കേരളം,TSR,Thrissur,തൃശ്ശൂർ,8,B08084,Mathilakam,,B081400,G08048,Mathilakam,,G081403,,,true
KL,Kerala,കേരളം,TSR,Thrissur,തൃശ്ശൂർ,8,B08084,Mathilakam,,B081400,G08049,Perinjanam,,G081404,,,true
KL,Kerala,കേരളം,TSR,Thrissur,തൃശ്ശൂർ,8,B08084,Mathilakam,,B081400,G08050,Sree Narayanapuram,,G081405,,,true
KL,Kerala,കേരളം,TSR,Thrissur,തൃശ്ശൂർ,8,B08084,Mathilakam,,B081400,G08051,Edavilangu,,G081406,,,true
KL,Kerala,കേരളം,TSR,Thrissur,തൃശ്ശൂർ,8,B08084,Mathilakam,,B081400,G08052,Eriyad,,G081407,,,true
KL,Kerala,കേരളം,TSR,Thrissur,തൃശ്ശൂർ,8,B08090,Mala,,B081500,G08078,Aloor,,G081501,,,true
KL,Kerala,കേരളം,TSR,Thrissur,തൃശ്ശൂർ,8,B08090,Mala,,B081500,G08079,Annamanada,,G081502,,,true
KL,Kerala,കേരളം,TSR,Thrissur,തൃശ്ശൂർ,8,B08090,Mala,,B081500,G08080,Kuzhur,,G081503,,,true
KL,Kerala,കേരളം,TSR,Thrissur,തൃശ്ശൂർ,8,B08090,Mala,,B081500,G08081,Mala,,G081504,,,true
KL,Kerala,കേരളം,TSR,Thrissur,തൃശ്ശൂർ,8,B08090,Mala,,B081500,G08082,Poyya,,G081505,,,true
KL,Kerala,കേരളം,TSR,Thrissur,തൃശ്ശൂർ,8,B08091,Chalakudy,,B081600,G08083,Kadukutty,,G081601,,,true
KL,Kerala,കേരളം,TSR,Thrissur,തൃശ്ശൂർ,8,B08091,Chalakudy,,B081600,G08084,Kodassery,,G081602,,,true
KL,Kerala,കേരളം,TSR,Thrissur,തൃശ്ശൂർ,8,B08091,Chalakudy,,B081600,G08085,Koratty,,G081603,,,true
KL,Kerala,കേരളം,TSR,Thrissur,തൃശ്ശൂർ,8,B08091,Chalakudy,,B081600,G08086,Meloor,,G081604,,,true
KL,Kerala,കേരളം,TSR,Thrissur,തൃശ്ശൂർ,8,B08091,Chalakudy,,B081600,G08087,Pariyaram,,G081605,,,true
KL,Kerala,കേരളം,TSR,Thrissur,തൃശ്ശൂർ,8,B08091,Chalakudy,,B081600,G08088,Athirappilly,,G081606,,,true
KL,Kerala,കേരളം,PKD,Palakkad,പാലക്കാട്,9,B09092,Thrithala,,B090100,G09001,Anakkara,,G090101,,,true
KL,Kerala,കേരളം,PKD,Palakkad,പാലക്കാട്,9,B09092,Thrithala,,B090100,G09002,Chalissery,,G090102,,,true
KL,Kerala,കേരളം,PKD,Palakkad,പാലക്കാട്,9,B09092,Thrithala,,B090100,G09003,Kappoor,,G090103,,,true
KL,Kerala,കേരളം,PKD,Palakkad,പാലക്കാട്,9,B09092,Thrithala,,B090100,G09004,Nagalassery,,G090104,,,true
KL,Kerala,കേരളം,PKD,Palakkad,പാലക്കാട്,9,B09092,Thrithala,,B090100,G09005,Pattithara,,G090105,,,true
KL,Kerala,കേരളം,PKD,Palakkad,പാലക്കാട്,9,B09092,Thrithala,,B090100,G09006,Thirumittakode,,G090106,,,true
KL,Kerala,കേരളം,PKD,Palakkad,പാലക്കാട്,9,B09092,Thrithala,,B090100,G09007,Thrithala,,G090107,,,true
KL,Kerala,കേരളം,PKD,Palakkad,പാലക്കാട്,9,B09093,Pattambi,,B090200,G09008,Koppam,,G090201,,,true
KL,Kerala,കേരളം,PKD,Palakkad,പാലക്കാട്,9,B09093,Pattambi,,B090200,G09009,Kulukkallur,,G090202,,,true
KL,Kerala,കേരളം,PKD,Palakkad,പാലക്കാട്,9,B09093,Pattambi,,B090200,G09010,Muthuthala,,G090203,,,true
KL,Kerala,കേരളം,PKD,Palakkad,പാലക്കാട്,9,B09093,Pattambi,,B090200,G09011,Ongallur,,G090204,,,true
KL,Kerala,കേരളം,PKD,Palakkad,പാലക്കാട്,9,B09093,Pattambi,,B090200,G09015,Paruthur,,G090206,,,true
KL,Kerala,കേരളം,PKD,Palakkad,പാലക്കാട്,9,B09093,Pattambi,,B090200,G09013,Thiruvegappura,,G090207,,,true
KL,Kerala,കേരളം,PKD,Palakkad,പാലക്കാട്,9,B09093,Pattambi,,B090200,G09014,Vilayur,,G090208,,,true
KL,Kerala,കേരളം,PKD,Palakkad,പാലക്കാട്,9,B09094,Ottappalam,,B090300,G09016,Ambalapara,,G090301,,,true
KL,Kerala,കേരളം,PKD,Palakkad,പാലക്കാട്,9,B09094,Ottappalam,,B090300,G09017,Ananganadi,,G090302,,,true
KL,Kerala,കേരളം,PKD,Palakkad,പാലക്കാട്,9,B09094,Ottappalam,,B090300,G09018,Chalavara,,G090303,,,true
KL,Kerala,കേരളം,PKD,Palakkad,പാലക്കാട്,9,B09094,Ottappalam,,B090300,G09019,Lekkidi-Perur,,G090304,,,true
KL,Kerala,കേരളം,PKD,Palakkad,പാലക്കാട്,9,B09094,Ottappalam,,B090300,G09020,Vaniyamkulam,,G090305,,,true
KL,Kerala,കേരളം,PKD,Palakkad,പാലക്കാട്,9,B09094,Ottappalam,,B090300,G09021,Thrikkadeiri,,G090306,,,true
KL,Kerala,കേരളം,PKD,Palakkad,പാലക്കാട്,9,B09094,Ottappalam,,B090300,G09022,Vallapuzha,,G090307,,,true
KL,Kerala,കേരളം,PKD,Palakkad,പാലക്കാട്,9,B09094,Ottappalam,,B090300,G09023,Nellaya,,G090308,,,true
KL,Kerala,കേരളം,PKD,Palakkad,പാലക്കാട്,9,B09095,Sreekrishnapuram,,B090400,G09025,Kadampazhipuram,,G090402,,,true
KL,Kerala,കേരളം,PKD,Palakkad,പാലക്കാട്,9,B09095,Sreekrishnapuram,,B090400,G09026,Karimpuzha,,G090403,,,true
KL,Kerala,കേരളം,PKD,Palakkad,പാലക്കാട്,9,B09095,Sreekrishnapuram,,B090400,G09031,Pookkottukavu,,G090404,,,true
KL,Kerala,കേരളം,PKD,Palakkad,പാലക്കാട്,9,B09095,Sreekrishnapuram,,B090400,G09027,Sreekrishnapuram,,G090405,,,true
KL,Kerala,കേരളം,PKD,Palakkad,പാലക്കാട്,9,B09095,Sreekrishnapuram,,B090400,G09028,Vellinezhi,,G090406,,,true
KL,Kerala,കേരളം,PKD,Palakkad,പാലക്കാട്,9,B09095,Sreekrishnapuram,,B090400,G09029,Karakurissi,,G090407,,,true
KL,Kerala,കേരളം,PKD,Palakkad,പാലക്കാട്,9,B09096,Mannarkad,,B090500,G09032,Alanallur,,G090501,,,true
KL,Kerala,കേരളം,PKD,Palakkad,പാലക്കാട്,9,B09096,Mannarkad,,B090500,G09033,Karimba,,G090502,,,true
KL,Kerala,കേരളം,PKD,Palakkad,പാലക്കാട്,9,B09096,Mannarkad,,B090500,G09034,Kottoppadam,,G090503,,,true
KL,Kerala,കേരളം,PKD,Palakkad,പാലക്കാട്,9,B09096,Mannarkad,,B090500,G09035,Kumaramputhur,,G090504,,,true
KL,Kerala,കേരളം,PKD,Palakkad,പാലക്കാട്,9,B09096,Mannarkad,,B090500,G09036,Kanjirapuzha,,G090505,,,true
KL,Kerala,കേരളം,PKD,Palakkad,പാലക്കാട്,9,B09096,Mannarkad,,B090500,G09030,Thachanattukara,,G090507,,,true
KL,Kerala,കേരളം,PKD,Palakkad,പാലക്കാട്,9,B09096,Mannarkad,,B090500,G09038,Thachampara,,G090508,,,true
KL,Kerala,കേരളം,PKD,Palakkad,പാലക്കാട്,9,B09096,Mannarkad,,B090500,G09039,Thenkara,,G090509,,,true
KL,Kerala,കേരളം,PKD,Palakkad,പാലക്കാട്,9,B09097,Attapadi,,B090600,G09040,Agali,,G090601,,,true
KL,Kerala,കേരളം,PKD,Palakkad,പാലക്കാട്,9,B09097,Attapadi,,B090600,G09041,Pudur,,G090602,,,true
KL,Kerala,കേരളം,PKD,Palakkad,പാലക്കാട്,9,B09097,Attapadi,,B090600,G09042,Sholayur,,G090603,,,true
KL,Kerala,കേരളം,PKD,Palakkad,പാലക്കാട്,9,B09098,Palakkad,,B090700,G09046,Keralasseri,,G090701,,,true
KL,Kerala,കേരളം,PKD,Palakkad,പാലക്കാട്,9,B09098,Palakkad,,B090700,G09045,Kongad,,G090702,,,true
KL,Kerala,കേരളം,PKD,Palakkad,പാലക്കാട്,9,B09098,Palakkad,,B090700,G09048,Mankara,,G090703,,,true
KL,Kerala,കേരളം,PKD,Palakkad,പാലക്കാട്,9,B09098,Palakkad,,B090700,G09047,Mannur,,G090704,,,true
KL,Kerala,കേരളം,PKD,Palakkad,പാലക്കാട്,9,B09098,Palakkad,,B090700,G09044,Mundur,,G090705,,,true
KL,Kerala,കേരളം,PKD,Palakkad,പാലക്കാട്,9,B09098,Palakkad,,B090700,G09049,Parli,,G090706,,,true
KL,Kerala,കേരളം,PKD,Palakkad,പാലക്കാട്,9,B09098,Palakkad,,B090700,G09043,Pirayiri,,G090707,,,true
KL,Kerala,കേരളം,PKD,Palakkad,പാലക്കാട്,9,B09099,Kuzhalmandam,,B090800,G09050,Kottayi,,G090801,,,true
KL,Kerala,കേരളം,PKD,Palakkad,പാലക്കാട്,9,B09099,Kuzhalmandam,,B090800,G09051,Kuthanur,,G090802,,,true
KL,Kerala,കേരളം,PKD,Palakkad,പാലക്കാട്,9,B09099,Kuzhalmandam,,B090800,G09052,Kuzhalmannam,,G090803,,,true
KL,Kerala,കേരളം,PKD,Palakkad,പാലക്കാട്,9,B09099,Kuzhalmandam,,B090800,G09053,Mathur,,G090804,,,true
KL,Kerala,കേരളം,PKD,Palakkad,പാലക്കാട്,9,B09099,Kuzhalmandam,,B090800,G09054,Peringottukurissi,,G090805,,,true
KL,Kerala,കേരളം,PKD,Palakkad,പാലക്കാട്,9,B09099,Kuzhalmandam,,B090800,G09055,Thenkurissi,,G090806,,,true
KL,Kerala,കേരളം,PKD,Palakkad,പാലക്കാട്,9,B09099,Kuzhalmandam,,B090800,G09056,Kannadi,,G090807,,,true
KL,Kerala,കേരളം,PKD,Palakkad,പാലക്കാട്,9,B09100,Chittoor,,B090900,G09057,Eruthempathy,,G090901,,,true
KL,Kerala,കേരളം,PKD,Palakkad,പാലക്കാട്,9,B09100,Chittoor,,B090900,G09058,Kozhinjampara,,G090902,,,true
KL,Kerala,കേരളം,PKD,Palakkad,പാലക്കാട്,9,B09100,Chittoor,,B090900,G09059,Nalleppilly,,G090903,,,true
KL,Kerala,കേരളം,PKD,Palakkad,പാലക്കാട്,9,B09100,Chittoor,,B090900,G09060,Perumatty,,G090904,,,true
KL,Kerala,കേരളം,PKD,Palakkad,പാലക്കാട്,9,B09100,Chittoor,,B090900,G09061,Vadakarapathy,,G090905,,,true
KL,Kerala,കേരളം,PKD,Palakkad,പാലക്കാട്,9,B09100,Chittoor,,B090900,G09062,Elappully,,G090906,,,true
KL,Kerala,കേരളം,PKD,Palakkad,പാലക്കാട്,9,B09100,Chittoor,,B090900,G09063,Polpully,,G090907,,,true
KL,Kerala,കേരളം,PKD,Palakkad,പാലക്കാട്,9,B09101,Kollankode,,B091000,G09064,Kollengode,,G091001,,,true
KL,Kerala,കേരളം,PKD,Palakkad,പാലക്കാട്,9,B09101,Kollankode,,B091000,G09065,Koduvayur,,G091002,,,true
KL,Kerala,കേരളം,PKD,Palakkad,പാലക്കാട്,9,B09101,Kollankode,,B091000,G09066,Muthalamada,,G091003,,,true
KL,Kerala,കേരളം,PKD,Palakkad,പാലക്കാട്,9,B09101,Kollankode,,B091000,G09067,Pudunagaram,,G091004,,,true
KL,Kerala,കേരളം,PKD,Palakkad,പാലക്കാട്,9,B09101,Kollankode,,B091000,G09068,Vadavannur,,G091005,,,true
KL,Kerala,കേരളം,PKD,Palakkad,പാലക്കാട്,9,B09101,Kollankode,,B091000,G09070,Pattanchery,,G091006,,,true
KL,Kerala,കേരളം,PKD,Palakkad,പാലക്കാട്,9,B09101,Kollankode,,B091000,G09069,Peruvemba,,G091007,,,true
KL,Kerala,കേരളം,PKD,Palakkad,പാലക്കാട്,9,B09102,Nenmara,,B091100,G09071,Ayiloor,,G091101,,,true
KL,Kerala,കേരളം,PKD,Palakkad,പാലക്കാട്,9,B09102,Nenmara,,B091100,G09072,Nelliyampathy,,G091102,,,true
KL,Kerala,കേരളം,PKD,Palakkad,പാലക്കാട്,9,B09102,Nenmara,,B091100,G09073,Elavanchery,,G091103,,,true
KL,Kerala,കേരളം,PKD,Palakkad,പാലക്കാട്,9,B09102,Nenmara,,B091100,G09074,Pallassana,,G091104,,,true
KL,Kerala,കേരളം,PKD,Palakkad,പാലക്കാട്,9,B09102,Nenmara,,B091100,G09075,Melarcode,,G091105,,,true
KL,Kerala,കേരളം,PKD,Palakkad,പാലക്കാട്,9,B09102,Nenmara,,B091100,G09076,Nemmara,,G091106,,,true
KL,Kerala,കേരളം,PKD,Palakkad,പാലക്കാട്,9,B09102,Nenmara,,B091100,G09077,Vandazhi,,G091107,,,true
KL,Kerala,കേരളം,PKD,Palakkad,പാലക്കാട്,9,B09104,Alathoor,,B091200,G09084,Alathur,,G091201,,,true
KL,Kerala,കേരളം,PKD,Palakkad,പാലക്കാട്,9,B09104,Alathoor,,B091200,G09085,Erimayoor,,G091202,,,true
KL,Kerala,കേരളം,PKD,Palakkad,പാലക്കാട്,9,B09104,Alathoor,,B091200,G09086,Kavassery,,G091203,,,true
KL,Kerala,കേരളം,PKD,Palakkad,പാലക്കാട്,9,B09104,Alathoor,,B091200,G09087,Kizhakkanchery,,G091204,,,true
KL,Kerala,കേരളം,PKD,Palakkad,പാലക്കാട്,9,B09104,Alathoor,,B091200,G09088,Puthukode,,G091205,,,true
KL,Kerala,കേരളം,PKD,Palakkad,പാലക്കാട്,9,B09104,Alathoor,,B091200,G09089,Tarur,,G091206,,,true
KL,Kerala,കേരളം,PKD,Palakkad,പാലക്കാട്,9,B09104,Alathoor,,B091200,G09090,Vadakkenchery,,G091207,,,true
KL,Kerala,കേരളം,PKD,Palakkad,പാലക്കാട്,9,B09104,Alathoor,,B091200,G09091,Kannambra,,G091208,,,true
KL,Kerala,കേരളം,PKD,Palakkad,പാലക്കാട്,9,B09103,Malampuzha,,B091300,G09078,Akathethara,,G091301,,,true
KL,Kerala,കേരളം,PKD,Palakkad,പാലക്കാട്,9,B09103,Malampuzha,,B091300,G09079,Malampuzha,,G091302,,,true
KL,Kerala,കേരളം,PKD,Palakkad,പാലക്കാട്,9,B09103,Malampuzha,,B091300,G09080,Marutha Road,,G091303,,,true
KL,Kerala,കേരളം,PKD,Palakkad,പാലക്കാട്,9,B09103,Malampuzha,,B091300,G09081,Puduppariyaram,,G091304,,,true
KL,Kerala,കേരളം,PKD,Palakkad,പാലക്കാട്,9,B09103,Malampuzha,,B091300,G09082,Pudusserri,,G091305,,,true
KL,Kerala,കേരളം,PKD,Palakkad,പാലക്കാട്,9,B09103,Malampuzha,,B091300,G09083,Kodumba,,G091306,,,true
KL,Kerala,കേരളം,MLP,Malappuram,മലപ്പുറം,10,B10105,Nilambur,,B100100,G10006,Chaliyar,,G100101,,,true
KL,Kerala,കേരളം,MLP,Malappuram,മലപ്പുറം,10,B10105,Nilambur,,B100100,G10005,Chungathara,,G100102,,,true
KL,Kerala,കേരളം,MLP,Malappuram,മലപ്പുറം,10,B10105,Nilambur,,B100100,G10004,Moothedam,,G100103,,,true
KL,Kerala,കേരളം,MLP,Malappuram,മലപ്പുറം,10,B10105,Nilambur,,B100100,G10001,Vazhikkadavu,,G100104,,,true
KL,Kerala,കേരളം,MLP,Malappuram,മലപ്പുറം,10,B10105,Nilambur,,B100100,G10003,Edakkara,,G100105,,,true
KL,Kerala,കേരളം,MLP,Malappuram,മലപ്പുറം,10,B10105,Nilambur,,B100100,G10002,Pothukal,,G100106,,,true
KL,Kerala,കേരളം,MLP,Malappuram,മലപ്പുറം,10,B10108,Kalikavu,,B100200,G10026,Amarambalam,,G100201,,,true
KL,Kerala,കേരളം,MLP,Malappuram,മലപ്പുറം,10,B10108,Kalikavu,,B100200,G10027,Karulai,,G100202,,,true
KL,Kerala,കേരളം,MLP,Malappuram,മലപ്പുറം,10,B10108,Kalikavu,,B100200,G10022,Kalikavu,,G100203,,,true
KL,Kerala,കേരളം,MLP,Malappuram,മലപ്പുറം,10,B10108,Kalikavu,,B100200,G10023,Chokkad,,G100204,,,true
KL,Kerala,കേരളം,MLP,Malappuram,മലപ്പുറം,10,B10108,Kalikavu,,B100200,G10024,Karuvarakundu,,G100205,,,true
KL,Kerala,കേരളം,MLP,Malappuram,മലപ്പുറം,10,B10108,Kalikavu,,B100200,G10025,Thuvvur,,G100206,,,true
KL,Kerala,കേരളം,MLP,Malappuram,മലപ്പുറം,10,B10108,Kalikavu,,B100200,G10028,Edapatta,,G100207,,,true
KL,Kerala,കേരളം,MLP,Malappuram,മലപ്പുറം,10,B10107,Wandoor,,B100300,G10018,Mampad,,G100301,,,true
KL,Kerala,കേരളം,MLP,Malappuram,മലപ്പുറം,10,B10107,Wandoor,,B100300,G10020,Pandikkad,,G100302,,,true
KL,Kerala,കേരളം,MLP,Malappuram,മലപ്പുറം,10,B10107,Wandoor,,B100300,G10019,Porur,,G100303,,,true
KL,Kerala,കേരളം,MLP,Malappuram,മലപ്പുറം,10,B10107,Wandoor,,B100300,G10021,Thrikkalangode,,G100304,,,true
KL,Kerala,കേരളം,MLP,Malappuram,മലപ്പുറം,10,B10107,Wandoor,,B100300,G10017,Thiruvali,,G100305,,,true
KL,Kerala,കേരളം,MLP,Malappuram,മലപ്പുറം,10,B10107,Wandoor,,B100300,G10016,Wandoor,,G100306,,,true
KL,Kerala,കേരളം,MLP,Malappuram,മലപ്പുറം,10,B10106,Kondotty,,B100400,G10015,Chelembra,,G100401,,,true
KL,Kerala,കേരളം,MLP,Malappuram,മലപ്പുറം,10,B10106,Kondotty,,B100400,G10008,Cherukavu,,G100402,,,true
KL,Kerala,കേരളം,MLP,Malappuram,മലപ്പുറം,10,B10106,Kondotty,,B100400,G10009,Pallikkal,,G100405,,,true
KL,Kerala,കേരളം,MLP,Malappuram,മലപ്പുറം,10,B10106,Kondotty,,B100400,G10010,Vazhayur,,G100406,,,true
KL,Kerala,കേരളം,MLP,Malappuram,മലപ്പുറം,10,B10106,Kondotty,,B100400,G10011,Vazhakkad,,G100407,,,true
KL,Kerala,കേരളം,MLP,Malappuram,മലപ്പുറം,10,B10106,Kondotty,,B100400,G10012,Pulikkal,,G100408,,,true
KL,Kerala,കേരളം,MLP,Malappuram,മലപ്പുറം,10,B10106,Kondotty,,B100400,G10014,Muthuvallur,,G100409,,,true
KL,Kerala,കേരളം,MLP,Malappuram,മലപ്പുറം,10,B10109,Areacode,,B100500,G10030,Urangattiri,,G100501,,,true
KL,Kerala,കേരളം,MLP,Malappuram,മലപ്പുറം,10,B10109,Areacode,,B100500,G10031,Kavannur,,G100502,,,true
KL,Kerala,കേരളം,MLP,Malappuram,മലപ്പുറം,10,B10109,Areacode,,B100500,G10032,Keezhuparamba,,G100503,,,true
KL,Kerala,കേരളം,MLP,Malappuram,മലപ്പുറം,10,B10109,Areacode,,B100500,G10035,Pulpetta,,G100504,,,true
KL,Kerala,കേരളം,MLP,Malappuram,മലപ്പുറം,10,B10109,Areacode,,B100500,G10034,Cheacode,,G100505,,,true
KL,Kerala,കേരളം,MLP,Malappuram,മലപ്പുറം,10,B10109,Areacode,,B100500,G10033,Kuzhimanna,,G100506,,,true
KL,Kerala,കേരളം,MLP,Malappuram,മലപ്പുറം,10,B10109,Areacode,,B100500,G10029,Areacode,,G100507,,,true
KL,Kerala,കേരളം,MLP,Malappuram,മലപ്പുറം,10,B10109,Areacode,,B100500,G10036,Edavanna,,G100508,,,true
KL,Kerala,കേരളം,MLP,Malappuram,മലപ്പുറം,10,B10110,Malappuram,,B100600,G10037,Anakayam,,G100601,,,true
KL,Kerala,കേരളം,MLP,Malappuram,മലപ്പുറം,10,B10110,Malappuram,,B100600,G10038,Morayur,,G100602,,,true
KL,Kerala,കേരളം,MLP,Malappuram,മലപ്പുറം,10,B10110,Malappuram,,B100600,G10039,Ponmala,,G100603,,,true
KL,Kerala,കേരളം,MLP,Malappuram,മലപ്പുറം,10,B10110,Malappuram,,B100600,G10040,Pookkottur,,G100604,,,true
KL,Kerala,കേരളം,MLP,Malappuram,മലപ്പുറം,10,B10110,Malappuram,,B100600,G10042,Kodur,,G100605,,,true
KL,Kerala,കേരളം,MLP,Malappuram,മലപ്പുറം,10,B10110,Malappuram,,B100600,G10041,Othukkungal,,G100606,,,true
KL,Kerala,കേരളം,MLP,Malappuram,മലപ്പുറം,10,B10111,Perinthalmanna,,B100700,G10043,Aliparamba,,G100701,,,true
KL,Kerala,കേരളം,MLP,Malappuram,മലപ്പുറം,10,B10111,Perinthalmanna,,B100700,G10044,Elamkulam,,G100702,,,true
KL,Kerala,കേരളം,MLP,Malappuram,മലപ്പുറം,10,B10111,Perinthalmanna,,B100700,G10045,Melattur,,G100703,,,true
KL,Kerala,കേരളം,MLP,Malappuram,മലപ്പുറം,10,B10111,Perinthalmanna,,B100700,G10046,Keezhattur,,G100704,,,true
KL,Kerala,കേരളം,MLP,Malappuram,മലപ്പുറം,10,B10111,Perinthalmanna,,B100700,G10047,Thazhekkode,,G100705,,,true
KL,Kerala,കേരളം,MLP,Malappuram,മലപ്പുറം,10,B10111,Perinthalmanna,,B100700,G10048,Vettathur,,G100706,,,true
KL,Kerala,കേരളം,MLP,Malappuram,മലപ്പുറം,10,B10111,Perinthalmanna,,B100700,G10049,Pulamanthole,,G100707,,,true
KL,Kerala,കേരളം,MLP,Malappuram,മലപ്പുറം,10,B10111,Perinthalmanna,,B100700,G10050,Angadippuram,,G100708,,,true
KL,Kerala,കേരളം,MLP,Malappuram,മലപ്പുറം,10,B10112,Mankada,,B100800,G10051,Kuruva,,G100801,,,true
KL,Kerala,കേരളം,MLP,Malappuram,മലപ്പുറം,10,B10112,Mankada,,B100800,G10056,Mankada,,G100802,,,true
KL,Kerala,കേരളം,MLP,Malappuram,മലപ്പുറം,10,B10112,Mankada,,B100800,G10055,Makkaraparamba,,G100803,,,true
KL,Kerala,കേരളം,MLP,Malappuram,മലപ്പുറം,10,B10112,Mankada,,B100800,G10054,Moorkanad,,G100804,,,true
KL,Kerala,കേരളം,MLP,Malappuram,മലപ്പുറം,10,B10112,Mankada,,B100800,G10052,Koottilangadi,,G100805,,,true
KL,Kerala,കേരളം,MLP,Malappuram,മലപ്പുറം,10,B10112,Mankada,,B100800,G10053,Puzhakkatiri,,G100806,,,true
KL,Kerala,കേരളം,MLP,Malappuram,മലപ്പുറം,10,B10113,Kuttipuram,,B100900,G10057,Athavanad,,G100901,,,true
KL,Kerala,കേരളം,MLP,Malappuram,മലപ്പുറം,10,B10113,Kuttipuram,,B100900,G10058,Edayur,,G100902,,,true
KL,Kerala,കേരളം,MLP,Malappuram,മലപ്പുറം,10,B10113,Kuttipuram,,B100900,G10059,Irumbiliyum,,G100903,,,true
KL,Kerala,കേരളം,MLP,Malappuram,മലപ്പുറം,10,B10113,Kuttipuram,,B100900,G10060,Marakkara,,G100904,,,true
KL,Kerala,കേരളം,MLP,Malappuram,മലപ്പുറം,10,B10113,Kuttipuram,,B100900,G10061,Kuttippuram,,G100905,,,true
KL,Kerala,കേരളം,MLP,Malappuram,മലപ്പുറം,10,B10113,Kuttipuram,,B100900,G10063,Kalpakancheri,,G100907,,,true
KL,Kerala,കേരളം,MLP,Malappuram,മലപ്പുറം,10,B10115,Vengara,,B101000,G10072,Abdurehman Nagar,,G101001,,,true
KL,Kerala,കേരളം,MLP,Malappuram,മലപ്പുറം,10,B10115,Vengara,,B101000,G10078,Edarikkode,,G101002,,,true
KL,Kerala,കേരളം,MLP,Malappuram,മലപ്പുറം,10,B10115,Vengara,,B101000,G10073,Parappur,,G101003,,,true
KL,Kerala,കേരളം,MLP,Malappuram,മലപ്പുറം,10,B10115,Vengara,,B101000,G10074,Thennela,,G101004,,,true
KL,Kerala,കേരളം,MLP,Malappuram,മലപ്പുറം,10,B10115,Vengara,,B101000,G10075,Vengara,,G101005,,,true
KL,Kerala,കേരളം,MLP,Malappuram,മലപ്പുറം,10,B10115,Vengara,,B101000,G10076,Kannamangalam,,G101006,,,true
KL,Kerala,കേരളം,MLP,Malappuram,മലപ്പുറം,10,B10115,Vengara,,B101000,G10077,Oorakam,,G101007,,,true
KL,Kerala,കേരളം,MLP,Malappuram,മലപ്പുറം,10,B10116,Tirurangadi,,B101100,G10082,Thenhippalam,,G101102,,,true
KL,Kerala,കേരളം,MLP,Malappuram,മലപ്പുറം,10,B10116,Tirurangadi,,B101100,G10084,Vallikkunnu,,G101104,,,true
KL,Kerala,കേരളം,MLP,Malappuram,മലപ്പുറം,10,B10116,Tirurangadi,,B101100,G10081,Moonniyur,,G101105,,,true
KL,Kerala,കേരളം,MLP,Malappuram,മലപ്പുറം,10,B10116,Tirurangadi,,B101100,G10080,Nannambra,,G101106,,,true
KL,Kerala,കേരളം,MLP,Malappuram,മലപ്പുറം,10,B10116,Tirurangadi,,B101100,G10085,Peruvallur,,G101107,,,true
KL,Kerala,കേരളം,MLP,Malappuram,മലപ്പുറം,10,B10114,Tanur,,B101200,G10066,Cheriyamundam,,G101201,,,true
KL,Kerala,കേരളം,MLP,Malappuram,മലപ്പുറം,10,B10114,Tanur,,B101200,G10067,Ozhoor,,G101202,,,true
KL,Kerala,കേരളം,MLP,Malappuram,മലപ്പുറം,10,B10114,Tanur,,B101200,G10069,Thanalur,,G101203,,,true
KL,Kerala,കേരളം,MLP,Malappuram,മലപ്പുറം,10,B10114,Tanur,,B101200,G10070,Valavannur,,G101204,,,true
KL,Kerala,കേരളം,MLP,Malappuram,മലപ്പുറം,10,B10114,Tanur,,B101200,G10065,Ponmundam,,G101206,,,true
KL,Kerala,കേരളം,MLP,Malappuram,മലപ്പുറം,10,B10114,Tanur,,B101200,G10068,Niramaruthoor,,G101207,,,true
KL,Kerala,കേരളം,MLP,Malappuram,മലപ്പുറം,10,B10114,Tanur,,B101200,G10071,Perumanna Clari,,G101208,,,true
KL,Kerala,കേരളം,MLP,Malappuram,മലപ്പുറം,10,B10117,Tirur,,B101300,G10086,Purathur,,G101301,,,true
KL,Kerala,കേരളം,MLP,Malappuram,മലപ്പുറം,10,B10117,Tirur,,B101300,G10090,Thalakkad,,G101302,,,true
KL,Kerala,കേരളം,MLP,Malappuram,മലപ്പുറം,10,B10117,Tirur,,B101300,G10088,Thriprangode,,G101303,,,true
KL,Kerala,കേരളം,MLP,Malappuram,മലപ്പുറം,10,B10117,Tirur,,B101300,G10089,Vettom,,G101304,,,true
KL,Kerala,കേരളം,MLP,Malappuram,മലപ്പുറം,10,B10117,Tirur,,B101300,G10091,Thirunavaya,,G101305,,,true
KL,Kerala,കേരളം,MLP,Malappuram,മലപ്പുറം,10,B10117,Tirur,,B101300,G10087,Mangalam,,G101306,,,true
KL,Kerala,കേരളം,MLP,Malappuram,മലപ്പുറം,10,B10118,Ponnani,,B101400,G10092,Thavanur,,G101401,,,true
KL,Kerala,കേരളം,MLP,Malappuram,മലപ്പുറം,10,B10118,Ponnani,,B101400,G10093,Vattamkulam,,G101402,,,true
KL,Kerala,കേരളം,MLP,Malappuram,മലപ്പുറം,10,B10118,Ponnani,,B101400,G10094,Edappal,,G101403,,,true
KL,Kerala,കേരളം,MLP,Malappuram,മലപ്പുറം,10,B10118,Ponnani,,B101400,G10095,Kalady,,G101404,,,true
KL,Kerala,കേരളം,MLP,Malappuram,മലപ്പുറം,10,B10119,Perumpadappu,,B101500,G10096,Alamkode,,G101501,,,true
KL,Kerala,കേരളം,MLP,Malappuram,മലപ്പുറം,10,B10119,Perumpadappu,,B101500,G10097,Maranchery,,G101502,,,true
KL,Kerala,കേരളം,MLP,Malappuram,മലപ്പുറം,10,B10119,Perumpadappu,,B101500,G10098,Nannamukku,,G101503,,,true
KL,Kerala,കേരളം,MLP,Malappuram,മലപ്പുറം,10,B10119,Perumpadappu,,B101500,G10099,Perumbadappu,,G101504,,,true
KL,Kerala,കേരളം,MLP,Malappuram,മലപ്പുറം,10,B10119,Perumpadappu,,B101500,G10100,Veliyancode,,G101505,,,true
KL,Kerala,കേരളം,KKD,Kozhikode,കോഴിക്കോട്,11,B11120,Vadakara,,B110100,G11001,Azhiyur,,G110101,,,true
KL,Kerala,കേരളം,KKD,Kozhikode,കോഴിക്കോട്,11,B11120,Vadakara,,B110100,G11002,Chorode,,G110102,,,true
KL,Kerala,കേരളം,KKD,Kozhikode,കോഴിക്കോട്,11,B11120,Vadakara,,B110100,G11003,Eramala,,G110103,,,true
KL,Kerala,കേരളം,KKD,Kozhikode,കോഴിക്കോട്,11,B11120,Vadakara,,B110100,G11004,Onchiyam,,G110104,,,true
KL,Kerala,കേരളം,KKD,Kozhikode,കോഴിക്കോട്,11,B11121,Tuneri,,B110200,G11005,Chekkiad,,G110201,,,true
KL,Kerala,കേരളം,KKD,Kozhikode,കോഴിക്കോട്,11,B11121,Tuneri,,B110200,G11010,Edacheri,,G110202,,,true
KL,Kerala,കേരളം,KKD,Kozhikode,കോഴിക്കോട്,11,B11121,Tuneri,,B110200,G11006,Purameri,,G110203,,,true
KL,Kerala,കേരളം,KKD,Kozhikode,കോഴിക്കോട്,11,B11121,Tuneri,,B110200,G11007,Thuneri,,G110204,,,true
KL,Kerala,കേരളം,KKD,Kozhikode,കോഴിക്കോട്,11,B11121,Tuneri,,B110200,G11008,Valayam,,G110205,,,true
KL,Kerala,കേരളം,KKD,Kozhikode,കോഴിക്കോട്,11,B11121,Tuneri,,B110200,G11009,Vanimel,,G110206,,,true
KL,Kerala,കേരളം,KKD,Kozhikode,കോഴിക്കോട്,11,B11121,Tuneri,,B110200,G11011,Nadapuram,,G110207,,,true
KL,Kerala,കേരളം,KKD,Kozhikode,കോഴിക്കോട്,11,B11122,Kunnummal,,B110300,G11012,Kunnummal,,G110301,,,true
KL,Kerala,കേരളം,KKD,Kozhikode,കോഴിക്കോട്,11,B11122,Kunnummal,,B110300,G11014,Kayakkodi,,G110302,,,true
KL,Kerala,കേരളം,KKD,Kozhikode,കോഴിക്കോട്,11,B11122,Kunnummal,,B110300,G11015,Kavilumpara,,G110303,,,true
KL,Kerala,കേരളം,KKD,Kozhikode,കോഴിക്കോട്,11,B11122,Kunnummal,,B110300,G11016,Kuttiady,,G110304,,,true
KL,Kerala,കേരളം,KKD,Kozhikode,കോഴിക്കോട്,11,B11122,Kunnummal,,B110300,G11017,Maruthonkara,,G110305,,,true
KL,Kerala,കേരളം,KKD,Kozhikode,കോഴിക്കോട്,11,B11122,Kunnummal,,B110300,G11013,Velom,,G110306,,,true
KL,Kerala,കേരളം,KKD,Kozhikode,കോഴിക്കോട്,11,B11122,Kunnummal,,B110300,G11018,Naripatta,,G110307,,,true
KL,Kerala,കേരളം,KKD,Kozhikode,കോഴിക്കോട്,11,B11123,Thodannur,,B110400,G11019,Ayancheri,,G110401,,,true
KL,Kerala,കേരളം,KKD,Kozhikode,കോഴിക്കോട്,11,B11123,Thodannur,,B110400,G11020,Villiappally,,G110402,,,true
KL,Kerala,കേരളം,KKD,Kozhikode,കോഴിക്കോട്,11,B11123,Thodannur,,B110400,G11021,Maniyur,,G110403,,,true
KL,Kerala,കേരളം,KKD,Kozhikode,കോഴിക്കോട്,11,B11123,Thodannur,,B110400,G11022,Thiruvallur,,G110404,,,true
KL,Kerala,കേരളം,KKD,Kozhikode,കോഴിക്കോട്,11,B11124,Melady,,B110500,G11023,Thurayur,,G110501,,,true
KL,Kerala,കേരളം,KKD,Kozhikode,കോഴിക്കോട്,11,B11124,Melady,,B110500,G11024,Keezhariyur,,G110502,,,true
KL,Kerala,കേരളം,KKD,Kozhikode,കോഴിക്കോട്,11,B11124,Melady,,B110500,G11025,Thikkodi,,G110503,,,true
KL,Kerala,കേരളം,KKD,Kozhikode,കോഴിക്കോട്,11,B11124,Melady,,B110500,G11027,Meppayur,,G110505,,,true
KL,Kerala,കേരളം,KKD,Kozhikode,കോഴിക്കോട്,11,B11125,Perambra,,B110600,G11028,Cheruvannur,,G110601,,,true
KL,Kerala,കേരളം,KKD,Kozhikode,കോഴിക്കോട്,11,B11125,Perambra,,B110600,G11029,Nochad,,G110602,,,true
KL,Kerala,കേരളം,KKD,Kozhikode,കോഴിക്കോട്,11,B11125,Perambra,,B110600,G11030,Changaroth,,G110603,,,true
KL,Kerala,കേരളം,KKD,Kozhikode,കോഴിക്കോട്,11,B11125,Perambra,,B110600,G11031,Kayanna,,G110604,,,true
KL,Kerala,കേരളം,KKD,Kozhikode,കോഴിക്കോട്,11,B11125,Perambra,,B110600,G11032,Koothali,,G110605,,,true
KL,Kerala,കേരളം,KKD,Kozhikode,കോഴിക്കോട്,11,B11125,Perambra,,B110600,G11033,Perambra,,G110606,,,true
KL,Kerala,കേരളം,KKD,Kozhikode,കോഴിക്കോട്,11,B11125,Perambra,,B110600,G11034,Chakkittappara,,G110607,,,true
KL,Kerala,കേരളം,KKD,Kozhikode,കോഴിക്കോട്,11,B11126,Balusseri,,B110700,G11035,Balussery,,G110701,,,true
KL,Kerala,കേരളം,KKD,Kozhikode,കോഴിക്കോട്,11,B11126,Balusseri,,B110700,G11036,Naduvannur,,G110702,,,true
KL,Kerala,കേരളം,KKD,Kozhikode,കോഴിക്കോട്,11,B11126,Balusseri,,B110700,G11038,Ulliyeri,,G110703,,,true
KL,Kerala,കേരളം,KKD,Kozhikode,കോഴിക്കോട്,11,B11126,Balusseri,,B110700,G11037,Kottur,,G110704,,,true
KL,Kerala,കേരളം,KKD,Kozhikode,കോഴിക്കോട്,11,B11126,Balusseri,,B110700,G11039,Unnikulam,,G110705,,,true
KL,Kerala,കേരളം,KKD,Kozhikode,കോഴിക്കോട്,11,B11126,Balusseri,,B110700,G11040,Panangad,,G110706,,,true
KL,Kerala,കേരളം,KKD,Kozhikode,കോഴിക്കോട്,11,B11126,Balusseri,,B110700,G11041,Koorachundu,,G110707,,,true
KL,Kerala,കേരളം,KKD,Kozhikode,കോഴിക്കോട്,11,B11127,Panthalayani,,B110800,G11042,Chemanchery,,G110801,,,true
KL,Kerala,കേരളം,KKD,Kozhikode,കോഴിക്കോട്,11,B11127,Panthalayani,,B110800,G11043,Arikkulam,,G110802,,,true
KL,Kerala,കേരളം,KKD,Kozhikode,കോഴിക്കോട്,11,B11127,Panthalayani,,B110800,G11044,Moodadi,,G110803,,,true
KL,Kerala,കേരളം,KKD,Kozhikode,കോഴിക്കോട്,11,B11127,Panthalayani,,B110800,G11045,Chengottukave,,G110804,,,true
KL,Kerala,കേരളം,KKD,Kozhikode,കോഴിക്കോട്,11,B11127,Panthalayani,,B110800,G11046,Atholi,,G110805,,,true
KL,Kerala,കേരളം,KKD,Kozhikode,കോഴിക്കോട്,11,B11128,Chelannur,,B110900,G11047,Kakkodi,,G110901,,,true
KL,Kerala,കേരളം,KKD,Kozhikode,കോഴിക്കോട്,11,B11128,Chelannur,,B110900,G11048,Chelannur,,G110902,,,true
KL,Kerala,കേരളം,KKD,Kozhikode,കോഴിക്കോട്,11,B11128,Chelannur,,B110900,G11049,Kakkur,,G110903,,,true
KL,Kerala,കേരളം,KKD,Kozhikode,കോഴിക്കോട്,11,B11128,Chelannur,,B110900,G11050,Nanmanda,,G110904,,,true
KL,Kerala,കേരളം,KKD,Kozhikode,കോഴിക്കോട്,11,B11128,Chelannur,,B110900,G11051,Narikkuni,,G110905,,,true
KL,Kerala,കേരളം,KKD,Kozhikode,കോഴിക്കോട്,11,B11128,Chelannur,,B110900,G11052,Thalakkulathur,,G110906,,,true
KL,Kerala,കേരളം,KKD,Kozhikode,കോഴിക്കോട്,11,B11129,Koduvally,,B111000,G11053,Thiruvambady,,G111001,,,true
KL,Kerala,കേരളം,KKD,Kozhikode,കോഴിക്കോട്,11,B11129,Koduvally,,B111000,G11054,Koodaranhi,,G111002,,,true
KL,Kerala,കേരളം,KKD,Kozhikode,കോഴിക്കോട്,11,B11129,Koduvally,,B111000,G11055,Kizhakkoth,,G111003,,,true
KL,Kerala,കേരളം,KKD,Kozhikode,കോഴിക്കോട്,11,B11129,Koduvally,,B111000,G11056,Madavoor,,G111004,,,true
KL,Kerala,കേരളം,KKD,Kozhikode,കോഴിക്കോട്,11,B11129,Koduvally,,B111000,G11058,Puthuppadi,,G111006,,,true
KL,Kerala,കേരളം,KKD,Kozhikode,കോഴിക്കോട്,11,B11129,Koduvally,,B111000,G11059,Thamarassery,,G111007,,,true
KL,Kerala,കേരളം,KKD,Kozhikode,കോഴിക്കോട്,11,B11129,Koduvally,,B111000,G11060,Omasery,,G111008,,,true
KL,Kerala,കേരളം,KKD,Kozhikode,കോഴിക്കോട്,11,B11129,Koduvally,,B111000,G11061,Kattippara,,G111009,,,true
KL,Kerala,കേരളം,KKD,Kozhikode,കോഴിക്കോട്,11,B11129,Koduvally,,B111000,G11062,Kodenchery,,G111010,,,true
KL,Kerala,കേരളം,KKD,Kozhikode,കോഴിക്കോട്,11,B11130,Kunnamangalam,,B111100,G11063,Kodiyathur,,G111101,,,true
KL,Kerala,കേരളം,KKD,Kozhikode,കോഴിക്കോട്,11,B11130,Kunnamangalam,,B111100,G11064,Kuruvattur,,G111102,,,true
KL,Kerala,കേരളം,KKD,Kozhikode,കോഴിക്കോട്,11,B11130,Kunnamangalam,,B111100,G11065,Mavoor,,G111103,,,true
KL,Kerala,കേരളം,KKD,Kozhikode,കോഴിക്കോട്,11,B11130,Kunnamangalam,,B111100,G11066,Karasseri,,G111104,,,true
KL,Kerala,കേരളം,KKD,Kozhikode,കോഴിക്കോട്,11,B11130,Kunnamangalam,,B111100,G11067,Kunnamangalam,,G111105,,,true
KL,Kerala,കേരളം,KKD,Kozhikode,കോഴിക്കോട്,11,B11130,Kunnamangalam,,B111100,G11068,Chathamangalam,,G111106,,,true
KL,Kerala,കേരളം,KKD,Kozhikode,കോഴിക്കോട്,11,B11130,Kunnamangalam,,B111100,G11070,Peruvayal,,G111108,,,true
KL,Kerala,കേരളം,KKD,Kozhikode,കോഴിക്കോട്,11,B11130,Kunnamangalam,,B111100,G11071,Perumanna,,G111109,,,true
KL,Kerala,കേരളം,KKD,Kozhikode,കോഴിക്കോട്,11,B11131,Kozhikode,,B111200,G11072,Kadalundi,,G111201,,,true
KL,Kerala,കേരളം,KKD,Kozhikode,കോഴിക്കോട്,11,B11131,Kozhikode,,B111200,G11075,Olavanna,,G111204,,,true
KL,Kerala,കേരളം,WYD,Wayanad,വയനാട്,12,B12132,Mananthavady,,B120100,G12002,Vellamunda,,G120102,,,true
KL,Kerala,കേരളം,WYD,Wayanad,വയനാട്,12,B12132,Mananthavady,,B120100,G12003,Thirunelly,,G120103,,,true
KL,Kerala,കേരളം,WYD,Wayanad,വയനാട്,12,B12132,Mananthavady,,B120100,G12004,Thondernadu,,G120104,,,true
KL,Kerala,കേരളം,WYD,Wayanad,വയനാട്,12,B12132,Mananthavady,,B120100,G12005,Edavaka,,G120105,,,true
KL,Kerala,കേരളം,WYD,Wayanad,വയനാട്,12,B12132,Mananthavady,,B120100,G12006,Thavinhal,,G120106,,,true
KL,Kerala,കേരളം,WYD,Wayanad,വയനാട്,12,B12135,Panamaram,,B120200,G12021,Panamaram,,G120201,,,true
KL,Kerala,കേരളം,WYD,Wayanad,വയനാട്,12,B12135,Panamaram,,B120200,G12023,Poothady,,G120202,,,true
KL,Kerala,കേരളം,WYD,Wayanad,വയനാട്,12,B12135,Panamaram,,B120200,G12025,Mullankolly,,G120203,,,true
KL,Kerala,കേരളം,WYD,Wayanad,വയനാട്,12,B12135,Panamaram,,B120200,G12024,Pulpally,,G120204,,,true
KL,Kerala,കേരളം,WYD,Wayanad,വയനാട്,12,B12135,Panamaram,,B120200,G12022,Kaniyambetta,,G120205,,,true
KL,Kerala,കേരളം,WYD,Wayanad,വയനാട്,12,B12133,Sulthan Bathery,,B120300,G12011,Meenangadi,,G120301,,,true
KL,Kerala,കേരളം,WYD,Wayanad,വയനാട്,12,B12133,Sulthan Bathery,,B120300,G12009,Nenmeni,,G120302,,,true
KL,Kerala,കേരളം,WYD,Wayanad,വയനാട്,12,B12133,Sulthan Bathery,,B120300,G12010,Ambalavayal,,G120303,,,true
KL,Kerala,കേരളം,WYD,Wayanad,വയനാട്,12,B12133,Sulthan Bathery,,B120300,G12008,Noolpuzha,,G120305,,,true
KL,Kerala,കേരളം,WYD,Wayanad,വയനാട്,12,B12134,Kalpetta,,B120400,G12018,Kottathara,,G120401,,,true
KL,Kerala,കേരളം,WYD,Wayanad,വയനാട്,12,B12134,Kalpetta,,B120400,G12012,Vengappally,,G120402,,,true
KL,Kerala,കേരളം,WYD,Wayanad,വയനാട്,12,B12134,Kalpetta,,B120400,G12013,Vythiri,,G120403,,,true
KL,Kerala,കേരളം,WYD,Wayanad,വയനാട്,12,B12134,Kalpetta,,B120400,G12019,Muttil,,G120404,,,true
KL,Kerala,കേരളം,WYD,Wayanad,വയനാട്,12,B12134,Kalpetta,,B120400,G12014,Pozhuthana,,G120405,,,true
KL,Kerala,കേരളം,WYD,Wayanad,വയനാട്,12,B12134,Kalpetta,,B120400,G12015,Thariode,,G120406,,,true
KL,Kerala,കേരളം,WYD,Wayanad,വയനാട്,12,B12134,Kalpetta,,B120400,G12020,Padinjarathara,,G120407,,,true
KL,Kerala,കേരളം,WYD,Wayanad,വയനാട്,12,B12134,Kalpetta,,B120400,G12016,Meppadi,,G120408,,,true
KL,Kerala,കേരളം,WYD,Wayanad,വയനാട്,12,B12134,Kalpetta,,B120400,G12017,Muppainadu,,G120409,,,true
KL,Kerala,കേരളം,KNR,Kannur,കണ്ണൂർ,13,B13137,Payyannur,,B130100,G13014,Kunhimangalam,,G130101,,,true
KL,Kerala,കേരളം,KNR,Kannur,കണ്ണൂർ,13,B13137,Payyannur,,B130100,G13015,Ramanthali,,G130102,,,true
KL,Kerala,കേരളം,KNR,Kannur,കണ്ണൂർ,13,B13137,Payyannur,,B130100,G13013,Karivellur- Peralam,,G130103,,,true
KL,Kerala,കേരളം,KNR,Kannur,കണ്ണൂർ,13,B13137,Payyannur,,B130100,G13012,Kankole- Alapadamba,,G130104,,,true
KL,Kerala,കേരളം,KNR,Kannur,കണ്ണൂർ,13,B13137,Payyannur,,B130100,G13011,Eramam- Kuttoor,,G130105,,,true
KL,Kerala,കേരളം,KNR,Kannur,കണ്ണൂർ,13,B13137,Payyannur,,B130100,G13010,Peringome Vayakkara,,G130106,,,true
KL,Kerala,കേരളം,KNR,Kannur,കണ്ണൂർ,13,B13137,Payyannur,,B130100,G13009,Cherupuzha,,G130107,,,true
KL,Kerala,കേരളം,KNR,Kannur,കണ്ണൂർ,13,B13136,Kalliassery,,B130200,G13001,Cheruthazham,,G130201,,,true
KL,Kerala,കേരളം,KNR,Kannur,കണ്ണൂർ,13,B13136,Kalliassery,,B130200,G13003,Ezhome,,G130202,,,true
KL,Kerala,കേരളം,KNR,Kannur,കണ്ണൂർ,13,B13136,Kalliassery,,B130200,G13002,Madayi,,G130203,,,true
KL,Kerala,കേരളം,KNR,Kannur,കണ്ണൂർ,13,B13136,Kalliassery,,B130200,G13005,Mattool,,G130204,,,true
KL,Kerala,കേരളം,KNR,Kannur,കണ്ണൂർ,13,B13136,Kalliassery,,B130200,G13004,Cherukunnu,,G130205,,,true
KL,Kerala,കേരളം,KNR,Kannur,കണ്ണൂർ,13,B13136,Kalliassery,,B130200,G13007,Kalliassery,,G130206,,,true
KL,Kerala,കേരളം,KNR,Kannur,കണ്ണൂർ,13,B13136,Kalliassery,,B130200,G13006,Kannapuram,,G130207,,,true
KL,Kerala,കേരളം,KNR,Kannur,കണ്ണൂർ,13,B13136,Kalliassery,,B130200,G13008,Narath,,G130208,,,true
KL,Kerala,കേരളം,KNR,Kannur,കണ്ണൂർ,13,B13138,Taliparamba,,B130300,G13023,Pattuvam,,G130301,,,true
KL,Kerala,കേരളം,KNR,Kannur,കണ്ണൂർ,13,B13138,Taliparamba,,B130300,G13020,Chengalayi,,G130302,,,true
KL,Kerala,കേരളം,KNR,Kannur,കണ്ണൂർ,13,B13138,Taliparamba,,B130300,G13021,Kurumathoor,,G130303,,,true
KL,Kerala,കേരളം,KNR,Kannur,കണ്ണൂർ,13,B13138,Taliparamba,,B130300,G13022,Pariyaram,,G130304,,,true
KL,Kerala,കേരളം,KNR,Kannur,കണ്ണൂർ,13,B13138,Taliparamba,,B130300,G13019,Chapparapadavu,,G130305,,,true
KL,Kerala,കേരളം,KNR,Kannur,കണ്ണൂർ,13,B13138,Taliparamba,,B130300,G13018,Naduvil,,G130306,,,true
KL,Kerala,കേരളം,KNR,Kannur,കണ്ണൂർ,13,B13138,Taliparamba,,B130300,G13016,Udayagiri,,G130307,,,true
KL,Kerala,കേരളം,KNR,Kannur,കണ്ണൂർ,13,B13138,Taliparamba,,B130300,G13017,Alakode,,G130308,,,true
KL,Kerala,കേരളം,KNR,Kannur,കണ്ണൂർ,13,B13138,Taliparamba,,B130300,G13024,Kadannappalli- Panappuzha,,G130309,,,true
KL,Kerala,കേരളം,KNR,Kannur,കണ്ണൂർ,13,B13139,Irikkur,,B130400,G13026,Eruvessy,,G130401,,,true
KL,Kerala,കേരളം,KNR,Kannur,കണ്ണൂർ,13,B13139,Irikkur,,B130400,G13025,Irikkur,,G130402,,,true
KL,Kerala,കേരളം,KNR,Kannur,കണ്ണൂർ,13,B13139,Irikkur,,B130400,G13027,Malappattam,,G130403,,,true
KL,Kerala,കേരളം,KNR,Kannur,കണ്ണൂർ,13,B13139,Irikkur,,B130400,G13028,Payyavoor,,G130404,,,true
KL,Kerala,കേരളം,KNR,Kannur,കണ്ണൂർ,13,B13139,Irikkur,,B130400,G13033,Kuttiattoor,,G130405,,,true
KL,Kerala,കേരളം,KNR,Kannur,കണ്ണൂർ,13,B13139,Irikkur,,B130400,G13029,Mayyil,,G130406,,,true
KL,Kerala,കേരളം,KNR,Kannur,കണ്ണൂർ,13,B13139,Irikkur,,B130400,G13031,Padiyoor Kalliad,,G130408,,,true
KL,Kerala,കേരളം,KNR,Kannur,കണ്ണൂർ,13,B13139,Irikkur,,B130400,G13032,Ulikkal,,G130409,,,true
KL,Kerala,കേരളം,KNR,Kannur,കണ്ണൂർ,13,B13140,Kannur,,B130500,G13034,Chirakkal,,G130501,,,true
KL,Kerala,കേരളം,KNR,Kannur,കണ്ണൂർ,13,B13140,Kannur,,B130500,G13037,Valapattanam,,G130504,,,true
KL,Kerala,കേരളം,KNR,Kannur,കണ്ണൂർ,13,B13140,Kannur,,B130500,G13038,Azheekode,,G130505,,,true
KL,Kerala,കേരളം,KNR,Kannur,കണ്ണൂർ,13,B13140,Kannur,,B130500,G13039,Pappinissery,,G130506,,,true
KL,Kerala,കേരളം,KNR,Kannur,കണ്ണൂർ,13,B13141,Edakkad,,B130600,G13046,Kadambur,,G130603,,,true
KL,Kerala,കേരളം,KNR,Kannur,കണ്ണൂർ,13,B13141,Edakkad,,B130600,G13045,Chembilode,,G130605,,,true
KL,Kerala,കേരളം,KNR,Kannur,കണ്ണൂർ,13,B13141,Edakkad,,B130600,G13041,Munderi,,G130606,,,true
KL,Kerala,കേരളം,KNR,Kannur,കണ്ണൂർ,13,B13141,Edakkad,,B130600,G13047,Peralassery,,G130607,,,true
KL,Kerala,കേരളം,KNR,Kannur,കണ്ണൂർ,13,B13141,Edakkad,,B130600,G13040,Kolachery,,G130608,,,true
KL,Kerala,കേരളം,KNR,Kannur,കണ്ണൂർ,13,B13142,Thalassery,,B130700,G13050,Dharmadam,,G130701,,,true
KL,Kerala,കേരളം,KNR,Kannur,കണ്ണൂർ,13,B13142,Thalassery,,B130700,G13051,Eranholi,,G130702,,,true
KL,Kerala,കേരളം,KNR,Kannur,കണ്ണൂർ,13,B13142,Thalassery,,B130700,G13052,Pinarayi,,G130703,,,true
KL,Kerala,കേരളം,KNR,Kannur,കണ്ണൂർ,13,B13142,Thalassery,,B130700,G13053,New Mahe,,G130704,,,true
KL,Kerala,കേരളം,KNR,Kannur,കണ്ണൂർ,13,B13142,Thalassery,,B130700,G13048,Muzhappilangad,,G130705,,,true
KL,Kerala,കേരളം,KNR,Kannur,കണ്ണൂർ,13,B13142,Thalassery,,B130700,G13054,Ancharakandy,,G130706,,,true
KL,Kerala,കേരളം,KNR,Kannur,കണ്ണൂർ,13,B13142,Thalassery,,B130700,G13049,Vengad,,G130707,,,true
KL,Kerala,കേരളം,KNR,Kannur,കണ്ണൂർ,13,B13144,Panoor,,B130800,G13067,Kadirur,,G130801,,,true
KL,Kerala,കേരളം,KNR,Kannur,കണ്ണൂർ,13,B13144,Panoor,,B130800,G13061,Chockli,,G130802,,,true
KL,Kerala,കേരളം,KNR,Kannur,കണ്ണൂർ,13,B13144,Panoor,,B130800,G13066,Mokeri,,G130805,,,true
KL,Kerala,കേരളം,KNR,Kannur,കണ്ണൂർ,13,B13144,Panoor,,B130800,G13065,Panniyannur,,G130806,,,true
KL,Kerala,കേരളം,KNR,Kannur,കണ്ണൂർ,13,B13143,Kuthuparamba,,B130900,G13055,Thripangottoor,,G130901,,,true
KL,Kerala,കേരളം,KNR,Kannur,കണ്ണൂർ,13,B13143,Kuthuparamba,,B130900,G13056,Chittariparamba,,G130902,,,true
KL,Kerala,കേരളം,KNR,Kannur,കണ്ണൂർ,13,B13143,Kuthuparamba,,B130900,G13058,Kunnothuparamba,,G130903,,,true
KL,Kerala,കേരളം,KNR,Kannur,കണ്ണൂർ,13,B13143,Kuthuparamba,,B130900,G13059,Mangattidam,,G130904,,,true
KL,Kerala,കേരളം,KNR,Kannur,കണ്ണൂർ,13,B13143,Kuthuparamba,,B130900,G13057,Pattiam,,G130905,,,true
KL,Kerala,കേരളം,KNR,Kannur,കണ്ണൂർ,13,B13143,Kuthuparamba,,B130900,G13060,Kottayam,,G130906,,,true
KL,Kerala,കേരളം,KNR,Kannur,കണ്ണൂർ,13,B13145,Iritty,,B131000,G13068,Aralam,,G131001,,,true
KL,Kerala,കേരളം,KNR,Kannur,കണ്ണൂർ,13,B13145,Iritty,,B131000,G13069,Ayyankunnu,,G131002,,,true
KL,Kerala,കേരളം,KNR,Kannur,കണ്ണൂർ,13,B13145,Iritty,,B131000,G13070,Keezhallur,,G131003,,,true
KL,Kerala,കേരളം,KNR,Kannur,കണ്ണൂർ,13,B13145,Iritty,,B131000,G13071,Thillankeri,,G131004,,,true
KL,Kerala,കേരളം,KNR,Kannur,കണ്ണൂർ,13,B13145,Iritty,,B131000,G13072,Koodali,,G131005,,,true
KL,Kerala,കേരളം,KNR,Kannur,കണ്ണൂർ,13,B13145,Iritty,,B131000,G13073,Payam,,G131006,,,true
KL,Kerala,കേരളം,KNR,Kannur,കണ്ണൂർ,13,B13146,Peravoor,,B131100,G13075,Kanichar,,G131101,,,true
KL,Kerala,കേരളം,KNR,Kannur,കണ്ണൂർ,13,B13146,Peravoor,,B131100,G13076,Kelakam,,G131102,,,true
KL,Kerala,കേരളം,KNR,Kannur,കണ്ണൂർ,13,B13146,Peravoor,,B131100,G13077,Kottiyoor,,G131103,,,true
KL,Kerala,കേരളം,KNR,Kannur,കണ്ണൂർ,13,B13146,Peravoor,,B131100,G13078,Muzhakkunnu,,G131104,,,true
KL,Kerala,കേരളം,KNR,Kannur,കണ്ണൂർ,13,B13146,Peravoor,,B131100,G13079,Kolayad,,G131105,,,true
KL,Kerala,കേരളം,KNR,Kannur,കണ്ണൂർ,13,B13146,Peravoor,,B131100,G13080,Malur,,G131106,,,true
KL,Kerala,കേരളം,KNR,Kannur,കണ്ണൂർ,13,B13146,Peravoor,,B131100,G13081,Peravoor,,G131107,,,true
KL,Kerala,കേരളം,KSD,Kasaragod,കാസർഗോഡ്,14,B14148,Manjeshwar,,B140100,G14011,Mangalpady,,G140101,,,true
KL,Kerala,കേരളം,KSD,Kasaragod,കാസർഗോഡ്,14,B14148,Manjeshwar,,B140100,G14009,Vorkady,,G140102,,,true
KL,Kerala,കേരളം,KSD,Kasaragod,കാസർഗോഡ്,14,B14148,Manjeshwar,,B140100,G14013,Puthige,,G140103,,,true
KL,Kerala,കേരളം,KSD,Kasaragod,കാസർഗോഡ്,14,B14148,Manjeshwar,,B140100,G14010,Meenja,,G140104,,,true
KL,Kerala,കേരളം,KSD,Kasaragod,കാസർഗോഡ്,14,B14148,Manjeshwar,,B140100,G14008,Manjeshwar,,G140105,,,true
KL,Kerala,കേരളം,KSD,Kasaragod,കാസർഗോഡ്,14,B14148,Manjeshwar,,B140100,G14012,Paivalike,,G140106,,,true
KL,Kerala,കേരളം,KSD,Kasaragod,കാസർഗോഡ്,14,B14148,Manjeshwar,,B140100,G14014,Enmakaje,,G140107,,,true
KL,Kerala,കേരളം,KSD,Kasaragod,കാസർഗോഡ്,14,B14147,Karadka,,B140200,G14002,Bellur,,G140201,,,true
KL,Kerala,കേരളം,KSD,Kasaragod,കാസർഗോഡ്,14,B14147,Karadka,,B140200,G14001,Kumbadaje,,G140202,,,true
KL,Kerala,കേരളം,KSD,Kasaragod,കാസർഗോഡ്,14,B14147,Karadka,,B140200,G14004,Muliyar,,G140203,,,true
KL,Kerala,കേരളം,KSD,Kasaragod,കാസർഗോഡ്,14,B14147,Karadka,,B140200,G14003,Karadka,,G140204,,,true
KL,Kerala,കേരളം,KSD,Kasaragod,കാസർഗോഡ്,14,B14147,Karadka,,B140200,G14005,Delampady,,G140205,,,true
KL,Kerala,കേരളം,KSD,Kasaragod,കാസർഗോഡ്,14,B14147,Karadka,,B140200,G14006,Bedadka,,G140206,,,true
KL,Kerala,കേരളം,KSD,Kasaragod,കാസർഗോഡ്,14,B14147,Karadka,,B140200,G14007,Kuttikkol,,G140207,,,true
KL,Kerala,കേരളം,KSD,Kasaragod,കാസർഗോഡ്,14,B14149,Kasaragod,,B140300,G14020,Chengala,,G140301,,,true
KL,Kerala,കേരളം,KSD,Kasaragod,കാസർഗോഡ്,14,B14149,Kasaragod,,B140300,G14019,Chemnad,,G140302,,,true
KL,Kerala,കേരളം,KSD,Kasaragod,കാസർഗോഡ്,14,B14149,Kasaragod,,B140300,G14018,Madhur,,G140303,,,true
KL,Kerala,കേരളം,KSD,Kasaragod,കാസർഗോഡ്,14,B14149,Kasaragod,,B140300,G14017,Mogralputhur,,G140304,,,true
KL,Kerala,കേരളം,KSD,Kasaragod,കാസർഗോഡ്,14,B14149,Kasaragod,,B140300,G14016,Badiadka,,G140305,,,true
KL,Kerala,കേരളം,KSD,Kasaragod,കാസർഗോഡ്,14,B14149,Kasaragod,,B140300,G14015,Kumbla,,G140306,,,true
KL,Kerala,കേരളം,KSD,Kasaragod,കാസർഗോഡ്,14,B14150,Kanhangad,,B140400,G14021,Udma,,G140401,,,true
KL,Kerala,കേരളം,KSD,Kasaragod,കാസർഗോഡ്,14,B14150,Kanhangad,,B140400,G14023,Ajanur,,G140402,,,true
KL,Kerala,കേരളം,KSD,Kasaragod,കാസർഗോഡ്,14,B14150,Kanhangad,,B140400,G14025,Madikai,,G140403,,,true
KL,Kerala,കേരളം,KSD,Kasaragod,കാസർഗോഡ്,14,B14150,Kanhangad,,B140400,G14022,Pallikkara,,G140404,,,true
KL,Kerala,കേരളം,KSD,Kasaragod,കാസർഗോഡ്,14,B14150,Kanhangad,,B140400,G14024,Pullur-Periya,,G140405,,,true
KL,Kerala,കേരളം,KSD,Kasaragod,കാസർഗോഡ്,14,B14151,Parappa,,B140500,G14029,Balal,,G140501,,,true
KL,Kerala,കേരളം,KSD,Kasaragod,കാസർഗോഡ്,14,B14151,Parappa,,B140500,G14026,Kodom -Belur,,G140502,,,true
KL,Kerala,കേരളം,KSD,Kasaragod,കാസർഗോഡ്,14,B14151,Parappa,,B140500,G14028,Panathady,,G140503,,,true
KL,Kerala,കേരളം,KSD,Kasaragod,കാസർഗോഡ്,14,B14151,Parappa,,B140500,G14027,Kallar,,G140504,,,true
KL,Kerala,കേരളം,KSD,Kasaragod,കാസർഗോഡ്,14,B14151,Parappa,,B140500,G14032,East Eleri,,G140505,,,true
KL,Kerala,കേരളം,KSD,Kasaragod,കാസർഗോഡ്,14,B14151,Parappa,,B140500,G14031,West Eleri,,G140506,,,true
KL,Kerala,കേരളം,KSD,Kasaragod,കാസർഗോഡ്,14,B14151,Parappa,,B140500,G14030,Kinanoor - Karindalam,,G140507,,,true
KL,Kerala,കേരളം,KSD,Kasaragod,കാസർഗോഡ്,14,B14152,Nileswar,,B140600,G14034,Cheruvathur,,G140601,,,true
KL,Kerala,കേരളം,KSD,Kasaragod,കാസർഗോഡ്,14,B14152,Nileswar,,B140600,G14033,Kayyur - Cheemeni,,G140602,,,true
KL,Kerala,കേരളം,KSD,Kasaragod,കാസർഗോഡ്,14,B14152,Nileswar,,B140600,G14037,Pilicode,,G140603,,,true
KL,Kerala,കേരളം,KSD,Kasaragod,കാസർഗോഡ്,14,B14152,Nileswar,,B140600,G14038,Trikaripur,,G140604,,,true
KL,Kerala,കേരളം,KSD,Kasaragod,കാസർഗോഡ്,14,B14152,Nileswar,,B140600,G14035,Valiyaparamba,,G140605,,,true
KL,Kerala,കേരളം,KSD,Kasaragod,കാസർഗോഡ്,14,B14152,Nileswar,,B140600,G14036,Padne,,G140606,,,true
